"date","borough","community_district","count","borough_code","BoroCD"
2020-03-31,"Bronx",1,1943,2,"201"
2020-03-31,"Bronx",2,952,2,"202"
2020-03-31,"Bronx",3,1930,2,"203"
2020-03-31,"Bronx",4,2122,2,"204"
2020-03-31,"Bronx",5,1981,2,"205"
2020-03-31,"Bronx",6,1577,2,"206"
2020-03-31,"Bronx",7,1305,2,"207"
2020-03-31,"Bronx",8,306,2,"208"
2020-03-31,"Bronx",9,1817,2,"209"
2020-03-31,"Bronx",10,532,2,"210"
2020-03-31,"Bronx",11,734,2,"211"
2020-03-31,"Bronx",12,1911,2,"212"
2020-03-31,"Bronx",26,1003.33333333333,2,"226"
2020-03-31,"Bronx",27,1003.33333333333,2,"227"
2020-03-31,"Bronx",28,1003.33333333333,2,"228"
2020-03-31,"Brooklyn",1,446,3,"301"
2020-03-31,"Brooklyn",2,432,3,"302"
2020-03-31,"Brooklyn",3,1662,3,"303"
2020-03-31,"Brooklyn",4,716,3,"304"
2020-03-31,"Brooklyn",5,2478,3,"305"
2020-03-31,"Brooklyn",6,292,3,"306"
2020-03-31,"Brooklyn",7,207,3,"307"
2020-03-31,"Brooklyn",8,771,3,"308"
2020-03-31,"Brooklyn",9,570,3,"309"
2020-03-31,"Brooklyn",10,132,3,"310"
2020-03-31,"Brooklyn",11,196,3,"311"
2020-03-31,"Brooklyn",12,156,3,"312"
2020-03-31,"Brooklyn",13,456,3,"313"
2020-03-31,"Brooklyn",14,491,3,"314"
2020-03-31,"Brooklyn",15,178,3,"315"
2020-03-31,"Brooklyn",16,1563,3,"316"
2020-03-31,"Brooklyn",17,1209,3,"317"
2020-03-31,"Brooklyn",18,782,3,"318"
2020-03-31,"Brooklyn",55,1165,3,"355"
2020-03-31,"Brooklyn",56,1165,3,"356"
2020-03-31,"Manhattan",1,508,1,"101"
2020-03-31,"Manhattan",2,47,1,"102"
2020-03-31,"Manhattan",3,603,1,"103"
2020-03-31,"Manhattan",4,303,1,"104"
2020-03-31,"Manhattan",5,132,1,"105"
2020-03-31,"Manhattan",6,145,1,"106"
2020-03-31,"Manhattan",7,321,1,"107"
2020-03-31,"Manhattan",8,120,1,"108"
2020-03-31,"Manhattan",9,698,1,"109"
2020-03-31,"Manhattan",10,1404,1,"110"
2020-03-31,"Manhattan",11,1317,1,"111"
2020-03-31,"Manhattan",12,704,1,"112"
2020-03-31,"Manhattan",16,3031,1,"116"
2020-03-31,"Queens",1,750,4,"401"
2020-03-31,"Queens",2,376,4,"402"
2020-03-31,"Queens",3,283,4,"403"
2020-03-31,"Queens",4,233,4,"404"
2020-03-31,"Queens",5,203,4,"405"
2020-03-31,"Queens",6,67,4,"406"
2020-03-31,"Queens",7,201,4,"407"
2020-03-31,"Queens",8,299,4,"408"
2020-03-31,"Queens",9,313,4,"409"
2020-03-31,"Queens",10,264,4,"410"
2020-03-31,"Queens",11,33,4,"411"
2020-03-31,"Queens",12,1706,4,"412"
2020-03-31,"Queens",13,686,4,"413"
2020-03-31,"Queens",14,1045,4,"414"
2020-03-31,"Queens",80,356.2,4,"480"
2020-03-31,"Queens",81,356.2,4,"481"
2020-03-31,"Queens",82,356.2,4,"482"
2020-03-31,"Queens",83,356.2,4,"483"
2020-03-31,"Queens",84,356.2,4,"484"
2020-03-31,"Staten Island",1,923,5,"501"
2020-03-31,"Staten Island",2,82,5,"502"
2020-03-31,"Staten Island",3,55,5,"503"
2020-03-31,"Staten Island",95,168,5,"595"
2020-04-30,"Bronx",1,1925,2,"201"
2020-04-30,"Bronx",2,918,2,"202"
2020-04-30,"Bronx",3,1878,2,"203"
2020-04-30,"Bronx",4,2067,2,"204"
2020-04-30,"Bronx",5,1919,2,"205"
2020-04-30,"Bronx",6,1534,2,"206"
2020-04-30,"Bronx",7,1274,2,"207"
2020-04-30,"Bronx",8,290,2,"208"
2020-04-30,"Bronx",9,1772,2,"209"
2020-04-30,"Bronx",10,515,2,"210"
2020-04-30,"Bronx",11,698,2,"211"
2020-04-30,"Bronx",12,1878,2,"212"
2020-04-30,"Bronx",26,981.666666666667,2,"226"
2020-04-30,"Bronx",27,981.666666666667,2,"227"
2020-04-30,"Bronx",28,981.666666666667,2,"228"
2020-04-30,"Brooklyn",1,420,3,"301"
2020-04-30,"Brooklyn",2,423,3,"302"
2020-04-30,"Brooklyn",3,1627,3,"303"
2020-04-30,"Brooklyn",4,690,3,"304"
2020-04-30,"Brooklyn",5,2462,3,"305"
2020-04-30,"Brooklyn",6,277,3,"306"
2020-04-30,"Brooklyn",7,194,3,"307"
2020-04-30,"Brooklyn",8,754,3,"308"
2020-04-30,"Brooklyn",9,548,3,"309"
2020-04-30,"Brooklyn",10,122,3,"310"
2020-04-30,"Brooklyn",11,179,3,"311"
2020-04-30,"Brooklyn",12,152,3,"312"
2020-04-30,"Brooklyn",13,426,3,"313"
2020-04-30,"Brooklyn",14,480,3,"314"
2020-04-30,"Brooklyn",15,173,3,"315"
2020-04-30,"Brooklyn",16,1531,3,"316"
2020-04-30,"Brooklyn",17,1198,3,"317"
2020-04-30,"Brooklyn",18,741,3,"318"
2020-04-30,"Brooklyn",55,1145.5,3,"355"
2020-04-30,"Brooklyn",56,1145.5,3,"356"
2020-04-30,"Manhattan",1,525,1,"101"
2020-04-30,"Manhattan",2,46,1,"102"
2020-04-30,"Manhattan",3,578,1,"103"
2020-04-30,"Manhattan",4,294,1,"104"
2020-04-30,"Manhattan",5,138,1,"105"
2020-04-30,"Manhattan",6,137,1,"106"
2020-04-30,"Manhattan",7,315,1,"107"
2020-04-30,"Manhattan",8,112,1,"108"
2020-04-30,"Manhattan",9,664,1,"109"
2020-04-30,"Manhattan",10,1370,1,"110"
2020-04-30,"Manhattan",11,1341,1,"111"
2020-04-30,"Manhattan",12,684,1,"112"
2020-04-30,"Manhattan",16,3043,1,"116"
2020-04-30,"Queens",1,745,4,"401"
2020-04-30,"Queens",2,361,4,"402"
2020-04-30,"Queens",3,274,4,"403"
2020-04-30,"Queens",4,229,4,"404"
2020-04-30,"Queens",5,207,4,"405"
2020-04-30,"Queens",6,68,4,"406"
2020-04-30,"Queens",7,199,4,"407"
2020-04-30,"Queens",8,286,4,"408"
2020-04-30,"Queens",9,288,4,"409"
2020-04-30,"Queens",10,266,4,"410"
2020-04-30,"Queens",11,34,4,"411"
2020-04-30,"Queens",12,1671,4,"412"
2020-04-30,"Queens",13,666,4,"413"
2020-04-30,"Queens",14,1049,4,"414"
2020-04-30,"Queens",80,359.4,4,"480"
2020-04-30,"Queens",81,359.4,4,"481"
2020-04-30,"Queens",82,359.4,4,"482"
2020-04-30,"Queens",83,359.4,4,"483"
2020-04-30,"Queens",84,359.4,4,"484"
2020-04-30,"Staten Island",1,895,5,"501"
2020-04-30,"Staten Island",2,73,5,"502"
2020-04-30,"Staten Island",3,56,5,"503"
2020-04-30,"Staten Island",95,152,5,"595"
2020-05-31,"Bronx",1,1925,2,"201"
2020-05-31,"Bronx",2,916,2,"202"
2020-05-31,"Bronx",3,1900,2,"203"
2020-05-31,"Bronx",4,2060,2,"204"
2020-05-31,"Bronx",5,1891,2,"205"
2020-05-31,"Bronx",6,1480,2,"206"
2020-05-31,"Bronx",7,1283,2,"207"
2020-05-31,"Bronx",8,286,2,"208"
2020-05-31,"Bronx",9,1764,2,"209"
2020-05-31,"Bronx",10,491,2,"210"
2020-05-31,"Bronx",11,661,2,"211"
2020-05-31,"Bronx",12,1862,2,"212"
2020-05-31,"Bronx",26,987.666666666667,2,"226"
2020-05-31,"Bronx",27,987.666666666667,2,"227"
2020-05-31,"Bronx",28,987.666666666667,2,"228"
2020-05-31,"Brooklyn",1,410,3,"301"
2020-05-31,"Brooklyn",2,426,3,"302"
2020-05-31,"Brooklyn",3,1580,3,"303"
2020-05-31,"Brooklyn",4,662,3,"304"
2020-05-31,"Brooklyn",5,2362,3,"305"
2020-05-31,"Brooklyn",6,261,3,"306"
2020-05-31,"Brooklyn",7,202,3,"307"
2020-05-31,"Brooklyn",8,744,3,"308"
2020-05-31,"Brooklyn",9,557,3,"309"
2020-05-31,"Brooklyn",10,121,3,"310"
2020-05-31,"Brooklyn",11,188,3,"311"
2020-05-31,"Brooklyn",12,150,3,"312"
2020-05-31,"Brooklyn",13,430,3,"313"
2020-05-31,"Brooklyn",14,456,3,"314"
2020-05-31,"Brooklyn",15,169,3,"315"
2020-05-31,"Brooklyn",16,1556,3,"316"
2020-05-31,"Brooklyn",17,1165,3,"317"
2020-05-31,"Brooklyn",18,741,3,"318"
2020-05-31,"Brooklyn",55,1143.5,3,"355"
2020-05-31,"Brooklyn",56,1143.5,3,"356"
2020-05-31,"Manhattan",1,509,1,"101"
2020-05-31,"Manhattan",2,44,1,"102"
2020-05-31,"Manhattan",3,591,1,"103"
2020-05-31,"Manhattan",4,300,1,"104"
2020-05-31,"Manhattan",5,145,1,"105"
2020-05-31,"Manhattan",6,139,1,"106"
2020-05-31,"Manhattan",7,318,1,"107"
2020-05-31,"Manhattan",8,111,1,"108"
2020-05-31,"Manhattan",9,667,1,"109"
2020-05-31,"Manhattan",10,1347,1,"110"
2020-05-31,"Manhattan",11,1303,1,"111"
2020-05-31,"Manhattan",12,673,1,"112"
2020-05-31,"Manhattan",16,3087,1,"116"
2020-05-31,"Queens",1,725,4,"401"
2020-05-31,"Queens",2,356,4,"402"
2020-05-31,"Queens",3,291,4,"403"
2020-05-31,"Queens",4,215,4,"404"
2020-05-31,"Queens",5,209,4,"405"
2020-05-31,"Queens",6,69,4,"406"
2020-05-31,"Queens",7,192,4,"407"
2020-05-31,"Queens",8,276,4,"408"
2020-05-31,"Queens",9,298,4,"409"
2020-05-31,"Queens",10,247,4,"410"
2020-05-31,"Queens",11,34,4,"411"
2020-05-31,"Queens",12,1610,4,"412"
2020-05-31,"Queens",13,659,4,"413"
2020-05-31,"Queens",14,1006,4,"414"
2020-05-31,"Queens",80,356.6,4,"480"
2020-05-31,"Queens",81,356.6,4,"481"
2020-05-31,"Queens",82,356.6,4,"482"
2020-05-31,"Queens",83,356.6,4,"483"
2020-05-31,"Queens",84,356.6,4,"484"
2020-05-31,"Staten Island",1,818,5,"501"
2020-05-31,"Staten Island",2,81,5,"502"
2020-05-31,"Staten Island",3,50,5,"503"
2020-05-31,"Staten Island",95,154,5,"595"
2020-06-30,"Bronx",1,1870,2,"201"
2020-06-30,"Bronx",2,905,2,"202"
2020-06-30,"Bronx",3,1860,2,"203"
2020-06-30,"Bronx",4,2063,2,"204"
2020-06-30,"Bronx",5,1845,2,"205"
2020-06-30,"Bronx",6,1470,2,"206"
2020-06-30,"Bronx",7,1247,2,"207"
2020-06-30,"Bronx",8,281,2,"208"
2020-06-30,"Bronx",9,1713,2,"209"
2020-06-30,"Bronx",10,483,2,"210"
2020-06-30,"Bronx",11,671,2,"211"
2020-06-30,"Bronx",12,1803,2,"212"
2020-06-30,"Bronx",26,996.666666666667,2,"226"
2020-06-30,"Bronx",27,996.666666666667,2,"227"
2020-06-30,"Bronx",28,996.666666666667,2,"228"
2020-06-30,"Brooklyn",1,397,3,"301"
2020-06-30,"Brooklyn",2,410,3,"302"
2020-06-30,"Brooklyn",3,1544,3,"303"
2020-06-30,"Brooklyn",4,645,3,"304"
2020-06-30,"Brooklyn",5,2288,3,"305"
2020-06-30,"Brooklyn",6,269,3,"306"
2020-06-30,"Brooklyn",7,201,3,"307"
2020-06-30,"Brooklyn",8,726,3,"308"
2020-06-30,"Brooklyn",9,553,3,"309"
2020-06-30,"Brooklyn",10,111,3,"310"
2020-06-30,"Brooklyn",11,183,3,"311"
2020-06-30,"Brooklyn",12,146,3,"312"
2020-06-30,"Brooklyn",13,409,3,"313"
2020-06-30,"Brooklyn",14,461,3,"314"
2020-06-30,"Brooklyn",15,165,3,"315"
2020-06-30,"Brooklyn",16,1569,3,"316"
2020-06-30,"Brooklyn",17,1106,3,"317"
2020-06-30,"Brooklyn",18,733,3,"318"
2020-06-30,"Brooklyn",55,1157.5,3,"355"
2020-06-30,"Brooklyn",56,1157.5,3,"356"
2020-06-30,"Manhattan",1,513,1,"101"
2020-06-30,"Manhattan",2,41,1,"102"
2020-06-30,"Manhattan",3,580,1,"103"
2020-06-30,"Manhattan",4,296,1,"104"
2020-06-30,"Manhattan",5,145,1,"105"
2020-06-30,"Manhattan",6,147,1,"106"
2020-06-30,"Manhattan",7,303,1,"107"
2020-06-30,"Manhattan",8,109,1,"108"
2020-06-30,"Manhattan",9,656,1,"109"
2020-06-30,"Manhattan",10,1334,1,"110"
2020-06-30,"Manhattan",11,1307,1,"111"
2020-06-30,"Manhattan",12,647,1,"112"
2020-06-30,"Manhattan",16,3187,1,"116"
2020-06-30,"Queens",1,713,4,"401"
2020-06-30,"Queens",2,361,4,"402"
2020-06-30,"Queens",3,290,4,"403"
2020-06-30,"Queens",4,209,4,"404"
2020-06-30,"Queens",5,200,4,"405"
2020-06-30,"Queens",6,67,4,"406"
2020-06-30,"Queens",7,187,4,"407"
2020-06-30,"Queens",8,280,4,"408"
2020-06-30,"Queens",9,286,4,"409"
2020-06-30,"Queens",10,243,4,"410"
2020-06-30,"Queens",11,27,4,"411"
2020-06-30,"Queens",12,1590,4,"412"
2020-06-30,"Queens",13,656,4,"413"
2020-06-30,"Queens",14,964,4,"414"
2020-06-30,"Queens",80,355,4,"480"
2020-06-30,"Queens",81,355,4,"481"
2020-06-30,"Queens",82,355,4,"482"
2020-06-30,"Queens",83,355,4,"483"
2020-06-30,"Queens",84,355,4,"484"
2020-06-30,"Staten Island",1,776,5,"501"
2020-06-30,"Staten Island",2,73,5,"502"
2020-06-30,"Staten Island",3,53,5,"503"
2020-06-30,"Staten Island",95,149,5,"595"
2020-07-31,"Bronx",1,1926,2,"201"
2020-07-31,"Bronx",2,912,2,"202"
2020-07-31,"Bronx",3,1810,2,"203"
2020-07-31,"Bronx",4,2053,2,"204"
2020-07-31,"Bronx",5,1859,2,"205"
2020-07-31,"Bronx",6,1460,2,"206"
2020-07-31,"Bronx",7,1225,2,"207"
2020-07-31,"Bronx",8,283,2,"208"
2020-07-31,"Bronx",9,1716,2,"209"
2020-07-31,"Bronx",10,474,2,"210"
2020-07-31,"Bronx",11,674,2,"211"
2020-07-31,"Bronx",12,1791,2,"212"
2020-07-31,"Bronx",26,996.333333333333,2,"226"
2020-07-31,"Bronx",27,996.333333333333,2,"227"
2020-07-31,"Bronx",28,996.333333333333,2,"228"
2020-07-31,"Brooklyn",1,385,3,"301"
2020-07-31,"Brooklyn",2,418,3,"302"
2020-07-31,"Brooklyn",3,1568,3,"303"
2020-07-31,"Brooklyn",4,658,3,"304"
2020-07-31,"Brooklyn",5,2180,3,"305"
2020-07-31,"Brooklyn",6,275,3,"306"
2020-07-31,"Brooklyn",7,191,3,"307"
2020-07-31,"Brooklyn",8,705,3,"308"
2020-07-31,"Brooklyn",9,551,3,"309"
2020-07-31,"Brooklyn",10,121,3,"310"
2020-07-31,"Brooklyn",11,183,3,"311"
2020-07-31,"Brooklyn",12,139,3,"312"
2020-07-31,"Brooklyn",13,414,3,"313"
2020-07-31,"Brooklyn",14,453,3,"314"
2020-07-31,"Brooklyn",15,152,3,"315"
2020-07-31,"Brooklyn",16,1494,3,"316"
2020-07-31,"Brooklyn",17,1078,3,"317"
2020-07-31,"Brooklyn",18,743,3,"318"
2020-07-31,"Brooklyn",55,1148.5,3,"355"
2020-07-31,"Brooklyn",56,1148.5,3,"356"
2020-07-31,"Manhattan",1,504,1,"101"
2020-07-31,"Manhattan",2,41,1,"102"
2020-07-31,"Manhattan",3,532,1,"103"
2020-07-31,"Manhattan",4,304,1,"104"
2020-07-31,"Manhattan",5,138,1,"105"
2020-07-31,"Manhattan",6,139,1,"106"
2020-07-31,"Manhattan",7,303,1,"107"
2020-07-31,"Manhattan",8,109,1,"108"
2020-07-31,"Manhattan",9,653,1,"109"
2020-07-31,"Manhattan",10,1325,1,"110"
2020-07-31,"Manhattan",11,1301,1,"111"
2020-07-31,"Manhattan",12,638,1,"112"
2020-07-31,"Manhattan",16,3143,1,"116"
2020-07-31,"Queens",1,704,4,"401"
2020-07-31,"Queens",2,356,4,"402"
2020-07-31,"Queens",3,283,4,"403"
2020-07-31,"Queens",4,184,4,"404"
2020-07-31,"Queens",5,190,4,"405"
2020-07-31,"Queens",6,66,4,"406"
2020-07-31,"Queens",7,189,4,"407"
2020-07-31,"Queens",8,273,4,"408"
2020-07-31,"Queens",9,304,4,"409"
2020-07-31,"Queens",10,242,4,"410"
2020-07-31,"Queens",11,25,4,"411"
2020-07-31,"Queens",12,1580,4,"412"
2020-07-31,"Queens",13,639,4,"413"
2020-07-31,"Queens",14,984,4,"414"
2020-07-31,"Queens",80,348.4,4,"480"
2020-07-31,"Queens",81,348.4,4,"481"
2020-07-31,"Queens",82,348.4,4,"482"
2020-07-31,"Queens",83,348.4,4,"483"
2020-07-31,"Queens",84,348.4,4,"484"
2020-07-31,"Staten Island",1,753,5,"501"
2020-07-31,"Staten Island",2,72,5,"502"
2020-07-31,"Staten Island",3,45,5,"503"
2020-07-31,"Staten Island",95,138,5,"595"
2020-08-31,"Bronx",1,1903,2,"201"
2020-08-31,"Bronx",2,877,2,"202"
2020-08-31,"Bronx",3,1857,2,"203"
2020-08-31,"Bronx",4,2018,2,"204"
2020-08-31,"Bronx",5,1807,2,"205"
2020-08-31,"Bronx",6,1457,2,"206"
2020-08-31,"Bronx",7,1224,2,"207"
2020-08-31,"Bronx",8,279,2,"208"
2020-08-31,"Bronx",9,1718,2,"209"
2020-08-31,"Bronx",10,482,2,"210"
2020-08-31,"Bronx",11,653,2,"211"
2020-08-31,"Bronx",12,1766,2,"212"
2020-08-31,"Bronx",26,997,2,"226"
2020-08-31,"Bronx",27,997,2,"227"
2020-08-31,"Bronx",28,997,2,"228"
2020-08-31,"Brooklyn",1,360,3,"301"
2020-08-31,"Brooklyn",2,405,3,"302"
2020-08-31,"Brooklyn",3,1545,3,"303"
2020-08-31,"Brooklyn",4,641,3,"304"
2020-08-31,"Brooklyn",5,2122,3,"305"
2020-08-31,"Brooklyn",6,257,3,"306"
2020-08-31,"Brooklyn",7,173,3,"307"
2020-08-31,"Brooklyn",8,699,3,"308"
2020-08-31,"Brooklyn",9,572,3,"309"
2020-08-31,"Brooklyn",10,119,3,"310"
2020-08-31,"Brooklyn",11,181,3,"311"
2020-08-31,"Brooklyn",12,142,3,"312"
2020-08-31,"Brooklyn",13,407,3,"313"
2020-08-31,"Brooklyn",14,472,3,"314"
2020-08-31,"Brooklyn",15,149,3,"315"
2020-08-31,"Brooklyn",16,1489,3,"316"
2020-08-31,"Brooklyn",17,1083,3,"317"
2020-08-31,"Brooklyn",18,771,3,"318"
2020-08-31,"Brooklyn",55,1145,3,"355"
2020-08-31,"Brooklyn",56,1145,3,"356"
2020-08-31,"Manhattan",1,516,1,"101"
2020-08-31,"Manhattan",2,36,1,"102"
2020-08-31,"Manhattan",3,544,1,"103"
2020-08-31,"Manhattan",4,304,1,"104"
2020-08-31,"Manhattan",5,135,1,"105"
2020-08-31,"Manhattan",6,143,1,"106"
2020-08-31,"Manhattan",7,312,1,"107"
2020-08-31,"Manhattan",8,104,1,"108"
2020-08-31,"Manhattan",9,646,1,"109"
2020-08-31,"Manhattan",10,1305,1,"110"
2020-08-31,"Manhattan",11,1310,1,"111"
2020-08-31,"Manhattan",12,633,1,"112"
2020-08-31,"Manhattan",16,3145,1,"116"
2020-08-31,"Queens",1,710,4,"401"
2020-08-31,"Queens",2,363,4,"402"
2020-08-31,"Queens",3,290,4,"403"
2020-08-31,"Queens",4,182,4,"404"
2020-08-31,"Queens",5,195,4,"405"
2020-08-31,"Queens",6,77,4,"406"
2020-08-31,"Queens",7,187,4,"407"
2020-08-31,"Queens",8,267,4,"408"
2020-08-31,"Queens",9,294,4,"409"
2020-08-31,"Queens",10,241,4,"410"
2020-08-31,"Queens",11,28,4,"411"
2020-08-31,"Queens",12,1530,4,"412"
2020-08-31,"Queens",13,626,4,"413"
2020-08-31,"Queens",14,952,4,"414"
2020-08-31,"Queens",80,351,4,"480"
2020-08-31,"Queens",81,351,4,"481"
2020-08-31,"Queens",82,351,4,"482"
2020-08-31,"Queens",83,351,4,"483"
2020-08-31,"Queens",84,351,4,"484"
2020-08-31,"Staten Island",1,749,5,"501"
2020-08-31,"Staten Island",2,82,5,"502"
2020-08-31,"Staten Island",3,49,5,"503"
2020-08-31,"Staten Island",95,132,5,"595"
2020-09-30,"Bronx",1,1895,2,"201"
2020-09-30,"Bronx",2,894,2,"202"
2020-09-30,"Bronx",3,1874,2,"203"
2020-09-30,"Bronx",4,1987,2,"204"
2020-09-30,"Bronx",5,1797,2,"205"
2020-09-30,"Bronx",6,1469,2,"206"
2020-09-30,"Bronx",7,1236,2,"207"
2020-09-30,"Bronx",8,280,2,"208"
2020-09-30,"Bronx",9,1721,2,"209"
2020-09-30,"Bronx",10,475,2,"210"
2020-09-30,"Bronx",11,648,2,"211"
2020-09-30,"Bronx",12,1738,2,"212"
2020-09-30,"Bronx",26,993,2,"226"
2020-09-30,"Bronx",27,993,2,"227"
2020-09-30,"Bronx",28,993,2,"228"
2020-09-30,"Brooklyn",1,352,3,"301"
2020-09-30,"Brooklyn",2,405,3,"302"
2020-09-30,"Brooklyn",3,1514,3,"303"
2020-09-30,"Brooklyn",4,614,3,"304"
2020-09-30,"Brooklyn",5,2067,3,"305"
2020-09-30,"Brooklyn",6,270,3,"306"
2020-09-30,"Brooklyn",7,172,3,"307"
2020-09-30,"Brooklyn",8,710,3,"308"
2020-09-30,"Brooklyn",9,557,3,"309"
2020-09-30,"Brooklyn",10,116,3,"310"
2020-09-30,"Brooklyn",11,174,3,"311"
2020-09-30,"Brooklyn",12,144,3,"312"
2020-09-30,"Brooklyn",13,419,3,"313"
2020-09-30,"Brooklyn",14,438,3,"314"
2020-09-30,"Brooklyn",15,145,3,"315"
2020-09-30,"Brooklyn",16,1420,3,"316"
2020-09-30,"Brooklyn",17,1051,3,"317"
2020-09-30,"Brooklyn",18,731,3,"318"
2020-09-30,"Brooklyn",55,1155.5,3,"355"
2020-09-30,"Brooklyn",56,1155.5,3,"356"
2020-09-30,"Manhattan",1,515,1,"101"
2020-09-30,"Manhattan",2,37,1,"102"
2020-09-30,"Manhattan",3,520,1,"103"
2020-09-30,"Manhattan",4,305,1,"104"
2020-09-30,"Manhattan",5,147,1,"105"
2020-09-30,"Manhattan",6,139,1,"106"
2020-09-30,"Manhattan",7,319,1,"107"
2020-09-30,"Manhattan",8,104,1,"108"
2020-09-30,"Manhattan",9,600,1,"109"
2020-09-30,"Manhattan",10,1290,1,"110"
2020-09-30,"Manhattan",11,1311,1,"111"
2020-09-30,"Manhattan",12,607,1,"112"
2020-09-30,"Manhattan",16,3222,1,"116"
2020-09-30,"Queens",1,721,4,"401"
2020-09-30,"Queens",2,349,4,"402"
2020-09-30,"Queens",3,282,4,"403"
2020-09-30,"Queens",4,185,4,"404"
2020-09-30,"Queens",5,194,4,"405"
2020-09-30,"Queens",6,78,4,"406"
2020-09-30,"Queens",7,195,4,"407"
2020-09-30,"Queens",8,272,4,"408"
2020-09-30,"Queens",9,276,4,"409"
2020-09-30,"Queens",10,250,4,"410"
2020-09-30,"Queens",11,24,4,"411"
2020-09-30,"Queens",12,1528,4,"412"
2020-09-30,"Queens",13,603,4,"413"
2020-09-30,"Queens",14,963,4,"414"
2020-09-30,"Queens",80,338.6,4,"480"
2020-09-30,"Queens",81,338.6,4,"481"
2020-09-30,"Queens",82,338.6,4,"482"
2020-09-30,"Queens",83,338.6,4,"483"
2020-09-30,"Queens",84,338.6,4,"484"
2020-09-30,"Staten Island",1,730,5,"501"
2020-09-30,"Staten Island",2,87,5,"502"
2020-09-30,"Staten Island",3,47,5,"503"
2020-09-30,"Staten Island",95,131,5,"595"
2020-10-31,"Bronx",1,1887,2,"201"
2020-10-31,"Bronx",2,888,2,"202"
2020-10-31,"Bronx",3,1842,2,"203"
2020-10-31,"Bronx",4,1986,2,"204"
2020-10-31,"Bronx",5,1801,2,"205"
2020-10-31,"Bronx",6,1486,2,"206"
2020-10-31,"Bronx",7,1192,2,"207"
2020-10-31,"Bronx",8,286,2,"208"
2020-10-31,"Bronx",9,1714,2,"209"
2020-10-31,"Bronx",10,467,2,"210"
2020-10-31,"Bronx",11,659,2,"211"
2020-10-31,"Bronx",12,1743,2,"212"
2020-10-31,"Bronx",26,1029,2,"226"
2020-10-31,"Bronx",27,1029,2,"227"
2020-10-31,"Bronx",28,1029,2,"228"
2020-10-31,"Brooklyn",1,341,3,"301"
2020-10-31,"Brooklyn",2,365,3,"302"
2020-10-31,"Brooklyn",3,1505,3,"303"
2020-10-31,"Brooklyn",4,602,3,"304"
2020-10-31,"Brooklyn",5,2041,3,"305"
2020-10-31,"Brooklyn",6,259,3,"306"
2020-10-31,"Brooklyn",7,175,3,"307"
2020-10-31,"Brooklyn",8,712,3,"308"
2020-10-31,"Brooklyn",9,561,3,"309"
2020-10-31,"Brooklyn",10,110,3,"310"
2020-10-31,"Brooklyn",11,171,3,"311"
2020-10-31,"Brooklyn",12,140,3,"312"
2020-10-31,"Brooklyn",13,399,3,"313"
2020-10-31,"Brooklyn",14,417,3,"314"
2020-10-31,"Brooklyn",15,137,3,"315"
2020-10-31,"Brooklyn",16,1464,3,"316"
2020-10-31,"Brooklyn",17,1094,3,"317"
2020-10-31,"Brooklyn",18,724,3,"318"
2020-10-31,"Brooklyn",55,1160,3,"355"
2020-10-31,"Brooklyn",56,1160,3,"356"
2020-10-31,"Manhattan",1,522,1,"101"
2020-10-31,"Manhattan",2,35,1,"102"
2020-10-31,"Manhattan",3,512,1,"103"
2020-10-31,"Manhattan",4,299,1,"104"
2020-10-31,"Manhattan",5,157,1,"105"
2020-10-31,"Manhattan",6,141,1,"106"
2020-10-31,"Manhattan",7,327,1,"107"
2020-10-31,"Manhattan",8,106,1,"108"
2020-10-31,"Manhattan",9,587,1,"109"
2020-10-31,"Manhattan",10,1294,1,"110"
2020-10-31,"Manhattan",11,1294,1,"111"
2020-10-31,"Manhattan",12,613,1,"112"
2020-10-31,"Manhattan",16,3236,1,"116"
2020-10-31,"Queens",1,702,4,"401"
2020-10-31,"Queens",2,346,4,"402"
2020-10-31,"Queens",3,289,4,"403"
2020-10-31,"Queens",4,194,4,"404"
2020-10-31,"Queens",5,179,4,"405"
2020-10-31,"Queens",6,79,4,"406"
2020-10-31,"Queens",7,195,4,"407"
2020-10-31,"Queens",8,284,4,"408"
2020-10-31,"Queens",9,275,4,"409"
2020-10-31,"Queens",10,247,4,"410"
2020-10-31,"Queens",11,20,4,"411"
2020-10-31,"Queens",12,1557,4,"412"
2020-10-31,"Queens",13,601,4,"413"
2020-10-31,"Queens",14,981,4,"414"
2020-10-31,"Queens",80,342.2,4,"480"
2020-10-31,"Queens",81,342.2,4,"481"
2020-10-31,"Queens",82,342.2,4,"482"
2020-10-31,"Queens",83,342.2,4,"483"
2020-10-31,"Queens",84,342.2,4,"484"
2020-10-31,"Staten Island",1,708,5,"501"
2020-10-31,"Staten Island",2,92,5,"502"
2020-10-31,"Staten Island",3,52,5,"503"
2020-10-31,"Staten Island",95,139,5,"595"
2020-11-30,"Bronx",1,1835,2,"201"
2020-11-30,"Bronx",2,890,2,"202"
2020-11-30,"Bronx",3,1784,2,"203"
2020-11-30,"Bronx",4,1908,2,"204"
2020-11-30,"Bronx",5,1784,2,"205"
2020-11-30,"Bronx",6,1475,2,"206"
2020-11-30,"Bronx",7,1183,2,"207"
2020-11-30,"Bronx",8,277,2,"208"
2020-11-30,"Bronx",9,1721,2,"209"
2020-11-30,"Bronx",10,470,2,"210"
2020-11-30,"Bronx",11,654,2,"211"
2020-11-30,"Bronx",12,1679,2,"212"
2020-11-30,"Bronx",26,1025,2,"226"
2020-11-30,"Bronx",27,1025,2,"227"
2020-11-30,"Bronx",28,1025,2,"228"
2020-11-30,"Brooklyn",1,338,3,"301"
2020-11-30,"Brooklyn",2,384,3,"302"
2020-11-30,"Brooklyn",3,1501,3,"303"
2020-11-30,"Brooklyn",4,572,3,"304"
2020-11-30,"Brooklyn",5,2042,3,"305"
2020-11-30,"Brooklyn",6,256,3,"306"
2020-11-30,"Brooklyn",7,178,3,"307"
2020-11-30,"Brooklyn",8,702,3,"308"
2020-11-30,"Brooklyn",9,566,3,"309"
2020-11-30,"Brooklyn",10,120,3,"310"
2020-11-30,"Brooklyn",11,175,3,"311"
2020-11-30,"Brooklyn",12,131,3,"312"
2020-11-30,"Brooklyn",13,410,3,"313"
2020-11-30,"Brooklyn",14,409,3,"314"
2020-11-30,"Brooklyn",15,137,3,"315"
2020-11-30,"Brooklyn",16,1466,3,"316"
2020-11-30,"Brooklyn",17,1049,3,"317"
2020-11-30,"Brooklyn",18,682,3,"318"
2020-11-30,"Brooklyn",55,1157.5,3,"355"
2020-11-30,"Brooklyn",56,1157.5,3,"356"
2020-11-30,"Manhattan",1,566,1,"101"
2020-11-30,"Manhattan",2,35,1,"102"
2020-11-30,"Manhattan",3,521,1,"103"
2020-11-30,"Manhattan",4,305,1,"104"
2020-11-30,"Manhattan",5,169,1,"105"
2020-11-30,"Manhattan",6,140,1,"106"
2020-11-30,"Manhattan",7,327,1,"107"
2020-11-30,"Manhattan",8,110,1,"108"
2020-11-30,"Manhattan",9,572,1,"109"
2020-11-30,"Manhattan",10,1278,1,"110"
2020-11-30,"Manhattan",11,1303,1,"111"
2020-11-30,"Manhattan",12,612,1,"112"
2020-11-30,"Manhattan",16,3290,1,"116"
2020-11-30,"Queens",1,683,4,"401"
2020-11-30,"Queens",2,341,4,"402"
2020-11-30,"Queens",3,280,4,"403"
2020-11-30,"Queens",4,188,4,"404"
2020-11-30,"Queens",5,189,4,"405"
2020-11-30,"Queens",6,80,4,"406"
2020-11-30,"Queens",7,204,4,"407"
2020-11-30,"Queens",8,276,4,"408"
2020-11-30,"Queens",9,272,4,"409"
2020-11-30,"Queens",10,232,4,"410"
2020-11-30,"Queens",11,21,4,"411"
2020-11-30,"Queens",12,1524,4,"412"
2020-11-30,"Queens",13,579,4,"413"
2020-11-30,"Queens",14,941,4,"414"
2020-11-30,"Queens",80,334.8,4,"480"
2020-11-30,"Queens",81,334.8,4,"481"
2020-11-30,"Queens",82,334.8,4,"482"
2020-11-30,"Queens",83,334.8,4,"483"
2020-11-30,"Queens",84,334.8,4,"484"
2020-11-30,"Staten Island",1,691,5,"501"
2020-11-30,"Staten Island",2,79,5,"502"
2020-11-30,"Staten Island",3,50,5,"503"
2020-11-30,"Staten Island",95,129,5,"595"
2020-12-31,"Bronx",1,1839,2,"201"
2020-12-31,"Bronx",2,887,2,"202"
2020-12-31,"Bronx",3,1712,2,"203"
2020-12-31,"Bronx",4,1832,2,"204"
2020-12-31,"Bronx",5,1773,2,"205"
2020-12-31,"Bronx",6,1441,2,"206"
2020-12-31,"Bronx",7,1156,2,"207"
2020-12-31,"Bronx",8,273,2,"208"
2020-12-31,"Bronx",9,1726,2,"209"
2020-12-31,"Bronx",10,436,2,"210"
2020-12-31,"Bronx",11,672,2,"211"
2020-12-31,"Bronx",12,1673,2,"212"
2020-12-31,"Bronx",26,1036.66666666667,2,"226"
2020-12-31,"Bronx",27,1036.66666666667,2,"227"
2020-12-31,"Bronx",28,1036.66666666667,2,"228"
2020-12-31,"Brooklyn",1,336,3,"301"
2020-12-31,"Brooklyn",2,381,3,"302"
2020-12-31,"Brooklyn",3,1449,3,"303"
2020-12-31,"Brooklyn",4,558,3,"304"
2020-12-31,"Brooklyn",5,1933,3,"305"
2020-12-31,"Brooklyn",6,244,3,"306"
2020-12-31,"Brooklyn",7,168,3,"307"
2020-12-31,"Brooklyn",8,671,3,"308"
2020-12-31,"Brooklyn",9,552,3,"309"
2020-12-31,"Brooklyn",10,117,3,"310"
2020-12-31,"Brooklyn",11,175,3,"311"
2020-12-31,"Brooklyn",12,143,3,"312"
2020-12-31,"Brooklyn",13,403,3,"313"
2020-12-31,"Brooklyn",14,419,3,"314"
2020-12-31,"Brooklyn",15,133,3,"315"
2020-12-31,"Brooklyn",16,1423,3,"316"
2020-12-31,"Brooklyn",17,1032,3,"317"
2020-12-31,"Brooklyn",18,692,3,"318"
2020-12-31,"Brooklyn",55,1134,3,"355"
2020-12-31,"Brooklyn",56,1134,3,"356"
2020-12-31,"Manhattan",1,563,1,"101"
2020-12-31,"Manhattan",2,44,1,"102"
2020-12-31,"Manhattan",3,527,1,"103"
2020-12-31,"Manhattan",4,296,1,"104"
2020-12-31,"Manhattan",5,168,1,"105"
2020-12-31,"Manhattan",6,147,1,"106"
2020-12-31,"Manhattan",7,311,1,"107"
2020-12-31,"Manhattan",8,108,1,"108"
2020-12-31,"Manhattan",9,554,1,"109"
2020-12-31,"Manhattan",10,1281,1,"110"
2020-12-31,"Manhattan",11,1277,1,"111"
2020-12-31,"Manhattan",12,635,1,"112"
2020-12-31,"Manhattan",16,3355,1,"116"
2020-12-31,"Queens",1,655,4,"401"
2020-12-31,"Queens",2,336,4,"402"
2020-12-31,"Queens",3,277,4,"403"
2020-12-31,"Queens",4,187,4,"404"
2020-12-31,"Queens",5,200,4,"405"
2020-12-31,"Queens",6,72,4,"406"
2020-12-31,"Queens",7,200,4,"407"
2020-12-31,"Queens",8,272,4,"408"
2020-12-31,"Queens",9,254,4,"409"
2020-12-31,"Queens",10,223,4,"410"
2020-12-31,"Queens",11,22,4,"411"
2020-12-31,"Queens",12,1500,4,"412"
2020-12-31,"Queens",13,549,4,"413"
2020-12-31,"Queens",14,927,4,"414"
2020-12-31,"Queens",80,326.2,4,"480"
2020-12-31,"Queens",81,326.2,4,"481"
2020-12-31,"Queens",82,326.2,4,"482"
2020-12-31,"Queens",83,326.2,4,"483"
2020-12-31,"Queens",84,326.2,4,"484"
2020-12-31,"Staten Island",1,666,5,"501"
2020-12-31,"Staten Island",2,73,5,"502"
2020-12-31,"Staten Island",3,50,5,"503"
2020-12-31,"Staten Island",95,144,5,"595"
2021-01-31,"Bronx",1,1838,2,"201"
2021-01-31,"Bronx",2,898,2,"202"
2021-01-31,"Bronx",3,1664,2,"203"
2021-01-31,"Bronx",4,1813,2,"204"
2021-01-31,"Bronx",5,1770,2,"205"
2021-01-31,"Bronx",6,1422,2,"206"
2021-01-31,"Bronx",7,1145,2,"207"
2021-01-31,"Bronx",8,264,2,"208"
2021-01-31,"Bronx",9,1661,2,"209"
2021-01-31,"Bronx",10,414,2,"210"
2021-01-31,"Bronx",11,646,2,"211"
2021-01-31,"Bronx",12,1600,2,"212"
2021-01-31,"Bronx",26,1066.66666666667,2,"226"
2021-01-31,"Bronx",27,1066.66666666667,2,"227"
2021-01-31,"Bronx",28,1066.66666666667,2,"228"
2021-01-31,"Brooklyn",1,341,3,"301"
2021-01-31,"Brooklyn",2,373,3,"302"
2021-01-31,"Brooklyn",3,1385,3,"303"
2021-01-31,"Brooklyn",4,577,3,"304"
2021-01-31,"Brooklyn",5,1924,3,"305"
2021-01-31,"Brooklyn",6,267,3,"306"
2021-01-31,"Brooklyn",7,181,3,"307"
2021-01-31,"Brooklyn",8,666,3,"308"
2021-01-31,"Brooklyn",9,533,3,"309"
2021-01-31,"Brooklyn",10,118,3,"310"
2021-01-31,"Brooklyn",11,169,3,"311"
2021-01-31,"Brooklyn",12,147,3,"312"
2021-01-31,"Brooklyn",13,378,3,"313"
2021-01-31,"Brooklyn",14,422,3,"314"
2021-01-31,"Brooklyn",15,134,3,"315"
2021-01-31,"Brooklyn",16,1379,3,"316"
2021-01-31,"Brooklyn",17,1021,3,"317"
2021-01-31,"Brooklyn",18,686,3,"318"
2021-01-31,"Brooklyn",55,1121.5,3,"355"
2021-01-31,"Brooklyn",56,1121.5,3,"356"
2021-01-31,"Manhattan",1,607,1,"101"
2021-01-31,"Manhattan",2,41,1,"102"
2021-01-31,"Manhattan",3,538,1,"103"
2021-01-31,"Manhattan",4,288,1,"104"
2021-01-31,"Manhattan",5,151,1,"105"
2021-01-31,"Manhattan",6,138,1,"106"
2021-01-31,"Manhattan",7,321,1,"107"
2021-01-31,"Manhattan",8,113,1,"108"
2021-01-31,"Manhattan",9,566,1,"109"
2021-01-31,"Manhattan",10,1291,1,"110"
2021-01-31,"Manhattan",11,1262,1,"111"
2021-01-31,"Manhattan",12,617,1,"112"
2021-01-31,"Manhattan",16,3431,1,"116"
2021-01-31,"Queens",1,667,4,"401"
2021-01-31,"Queens",2,322,4,"402"
2021-01-31,"Queens",3,283,4,"403"
2021-01-31,"Queens",4,198,4,"404"
2021-01-31,"Queens",5,195,4,"405"
2021-01-31,"Queens",6,66,4,"406"
2021-01-31,"Queens",7,199,4,"407"
2021-01-31,"Queens",8,270,4,"408"
2021-01-31,"Queens",9,273,4,"409"
2021-01-31,"Queens",10,231,4,"410"
2021-01-31,"Queens",11,26,4,"411"
2021-01-31,"Queens",12,1469,4,"412"
2021-01-31,"Queens",13,539,4,"413"
2021-01-31,"Queens",14,932,4,"414"
2021-01-31,"Queens",80,326.6,4,"480"
2021-01-31,"Queens",81,326.6,4,"481"
2021-01-31,"Queens",82,326.6,4,"482"
2021-01-31,"Queens",83,326.6,4,"483"
2021-01-31,"Queens",84,326.6,4,"484"
2021-01-31,"Staten Island",1,679,5,"501"
2021-01-31,"Staten Island",2,75,5,"502"
2021-01-31,"Staten Island",3,46,5,"503"
2021-01-31,"Staten Island",95,145,5,"595"
2021-02-28,"Bronx",1,1818,2,"201"
2021-02-28,"Bronx",2,875,2,"202"
2021-02-28,"Bronx",3,1653,2,"203"
2021-02-28,"Bronx",4,1811,2,"204"
2021-02-28,"Bronx",5,1738,2,"205"
2021-02-28,"Bronx",6,1359,2,"206"
2021-02-28,"Bronx",7,1125,2,"207"
2021-02-28,"Bronx",8,256,2,"208"
2021-02-28,"Bronx",9,1619,2,"209"
2021-02-28,"Bronx",10,408,2,"210"
2021-02-28,"Bronx",11,641,2,"211"
2021-02-28,"Bronx",12,1571,2,"212"
2021-02-28,"Bronx",26,1072,2,"226"
2021-02-28,"Bronx",27,1072,2,"227"
2021-02-28,"Bronx",28,1072,2,"228"
2021-02-28,"Brooklyn",1,340,3,"301"
2021-02-28,"Brooklyn",2,381,3,"302"
2021-02-28,"Brooklyn",3,1371,3,"303"
2021-02-28,"Brooklyn",4,565,3,"304"
2021-02-28,"Brooklyn",5,1871,3,"305"
2021-02-28,"Brooklyn",6,272,3,"306"
2021-02-28,"Brooklyn",7,189,3,"307"
2021-02-28,"Brooklyn",8,639,3,"308"
2021-02-28,"Brooklyn",9,546,3,"309"
2021-02-28,"Brooklyn",10,107,3,"310"
2021-02-28,"Brooklyn",11,174,3,"311"
2021-02-28,"Brooklyn",12,138,3,"312"
2021-02-28,"Brooklyn",13,393,3,"313"
2021-02-28,"Brooklyn",14,412,3,"314"
2021-02-28,"Brooklyn",15,134,3,"315"
2021-02-28,"Brooklyn",16,1384,3,"316"
2021-02-28,"Brooklyn",17,1014,3,"317"
2021-02-28,"Brooklyn",18,677,3,"318"
2021-02-28,"Brooklyn",55,1123,3,"355"
2021-02-28,"Brooklyn",56,1123,3,"356"
2021-02-28,"Manhattan",1,586,1,"101"
2021-02-28,"Manhattan",2,37,1,"102"
2021-02-28,"Manhattan",3,540,1,"103"
2021-02-28,"Manhattan",4,297,1,"104"
2021-02-28,"Manhattan",5,159,1,"105"
2021-02-28,"Manhattan",6,123,1,"106"
2021-02-28,"Manhattan",7,317,1,"107"
2021-02-28,"Manhattan",8,113,1,"108"
2021-02-28,"Manhattan",9,548,1,"109"
2021-02-28,"Manhattan",10,1254,1,"110"
2021-02-28,"Manhattan",11,1305,1,"111"
2021-02-28,"Manhattan",12,625,1,"112"
2021-02-28,"Manhattan",16,3413,1,"116"
2021-02-28,"Queens",1,663,4,"401"
2021-02-28,"Queens",2,310,4,"402"
2021-02-28,"Queens",3,271,4,"403"
2021-02-28,"Queens",4,187,4,"404"
2021-02-28,"Queens",5,198,4,"405"
2021-02-28,"Queens",6,59,4,"406"
2021-02-28,"Queens",7,199,4,"407"
2021-02-28,"Queens",8,261,4,"408"
2021-02-28,"Queens",9,273,4,"409"
2021-02-28,"Queens",10,219,4,"410"
2021-02-28,"Queens",11,20,4,"411"
2021-02-28,"Queens",12,1427,4,"412"
2021-02-28,"Queens",13,525,4,"413"
2021-02-28,"Queens",14,897,4,"414"
2021-02-28,"Queens",80,320.8,4,"480"
2021-02-28,"Queens",81,320.8,4,"481"
2021-02-28,"Queens",82,320.8,4,"482"
2021-02-28,"Queens",83,320.8,4,"483"
2021-02-28,"Queens",84,320.8,4,"484"
2021-02-28,"Staten Island",1,635,5,"501"
2021-02-28,"Staten Island",2,77,5,"502"
2021-02-28,"Staten Island",3,48,5,"503"
2021-02-28,"Staten Island",95,142,5,"595"
2021-03-31,"Bronx",1,1726,2,"201"
2021-03-31,"Bronx",2,845,2,"202"
2021-03-31,"Bronx",3,1636,2,"203"
2021-03-31,"Bronx",4,1767,2,"204"
2021-03-31,"Bronx",5,1666,2,"205"
2021-03-31,"Bronx",6,1347,2,"206"
2021-03-31,"Bronx",7,1084,2,"207"
2021-03-31,"Bronx",8,277,2,"208"
2021-03-31,"Bronx",9,1563,2,"209"
2021-03-31,"Bronx",10,384,2,"210"
2021-03-31,"Bronx",11,635,2,"211"
2021-03-31,"Bronx",12,1508,2,"212"
2021-03-31,"Bronx",26,1040.33333333333,2,"226"
2021-03-31,"Bronx",27,1040.33333333333,2,"227"
2021-03-31,"Bronx",28,1040.33333333333,2,"228"
2021-03-31,"Brooklyn",1,353,3,"301"
2021-03-31,"Brooklyn",2,369,3,"302"
2021-03-31,"Brooklyn",3,1384,3,"303"
2021-03-31,"Brooklyn",4,518,3,"304"
2021-03-31,"Brooklyn",5,1818,3,"305"
2021-03-31,"Brooklyn",6,279,3,"306"
2021-03-31,"Brooklyn",7,165,3,"307"
2021-03-31,"Brooklyn",8,638,3,"308"
2021-03-31,"Brooklyn",9,535,3,"309"
2021-03-31,"Brooklyn",10,102,3,"310"
2021-03-31,"Brooklyn",11,165,3,"311"
2021-03-31,"Brooklyn",12,134,3,"312"
2021-03-31,"Brooklyn",13,373,3,"313"
2021-03-31,"Brooklyn",14,397,3,"314"
2021-03-31,"Brooklyn",15,135,3,"315"
2021-03-31,"Brooklyn",16,1317,3,"316"
2021-03-31,"Brooklyn",17,976,3,"317"
2021-03-31,"Brooklyn",18,679,3,"318"
2021-03-31,"Brooklyn",55,1116.5,3,"355"
2021-03-31,"Brooklyn",56,1116.5,3,"356"
2021-03-31,"Manhattan",1,595,1,"101"
2021-03-31,"Manhattan",2,30,1,"102"
2021-03-31,"Manhattan",3,526,1,"103"
2021-03-31,"Manhattan",4,281,1,"104"
2021-03-31,"Manhattan",5,149,1,"105"
2021-03-31,"Manhattan",6,139,1,"106"
2021-03-31,"Manhattan",7,316,1,"107"
2021-03-31,"Manhattan",8,109,1,"108"
2021-03-31,"Manhattan",9,502,1,"109"
2021-03-31,"Manhattan",10,1210,1,"110"
2021-03-31,"Manhattan",11,1267,1,"111"
2021-03-31,"Manhattan",12,634,1,"112"
2021-03-31,"Manhattan",16,3380,1,"116"
2021-03-31,"Queens",1,666,4,"401"
2021-03-31,"Queens",2,301,4,"402"
2021-03-31,"Queens",3,245,4,"403"
2021-03-31,"Queens",4,181,4,"404"
2021-03-31,"Queens",5,193,4,"405"
2021-03-31,"Queens",6,58,4,"406"
2021-03-31,"Queens",7,207,4,"407"
2021-03-31,"Queens",8,245,4,"408"
2021-03-31,"Queens",9,262,4,"409"
2021-03-31,"Queens",10,221,4,"410"
2021-03-31,"Queens",11,17,4,"411"
2021-03-31,"Queens",12,1434,4,"412"
2021-03-31,"Queens",13,492,4,"413"
2021-03-31,"Queens",14,867,4,"414"
2021-03-31,"Queens",80,310.2,4,"480"
2021-03-31,"Queens",81,310.2,4,"481"
2021-03-31,"Queens",82,310.2,4,"482"
2021-03-31,"Queens",83,310.2,4,"483"
2021-03-31,"Queens",84,310.2,4,"484"
2021-03-31,"Staten Island",1,611,5,"501"
2021-03-31,"Staten Island",2,75,5,"502"
2021-03-31,"Staten Island",3,47,5,"503"
2021-03-31,"Staten Island",95,130,5,"595"
2021-04-30,"Bronx",1,1720,2,"201"
2021-04-30,"Bronx",2,823,2,"202"
2021-04-30,"Bronx",3,1629,2,"203"
2021-04-30,"Bronx",4,1678,2,"204"
2021-04-30,"Bronx",5,1584,2,"205"
2021-04-30,"Bronx",6,1293,2,"206"
2021-04-30,"Bronx",7,1044,2,"207"
2021-04-30,"Bronx",8,254,2,"208"
2021-04-30,"Bronx",9,1509,2,"209"
2021-04-30,"Bronx",10,376,2,"210"
2021-04-30,"Bronx",11,631,2,"211"
2021-04-30,"Bronx",12,1469,2,"212"
2021-04-30,"Bronx",26,1004.66666666667,2,"226"
2021-04-30,"Bronx",27,1004.66666666667,2,"227"
2021-04-30,"Bronx",28,1004.66666666667,2,"228"
2021-04-30,"Brooklyn",1,332,3,"301"
2021-04-30,"Brooklyn",2,350,3,"302"
2021-04-30,"Brooklyn",3,1355,3,"303"
2021-04-30,"Brooklyn",4,505,3,"304"
2021-04-30,"Brooklyn",5,1742,3,"305"
2021-04-30,"Brooklyn",6,264,3,"306"
2021-04-30,"Brooklyn",7,168,3,"307"
2021-04-30,"Brooklyn",8,621,3,"308"
2021-04-30,"Brooklyn",9,493,3,"309"
2021-04-30,"Brooklyn",10,94,3,"310"
2021-04-30,"Brooklyn",11,157,3,"311"
2021-04-30,"Brooklyn",12,149,3,"312"
2021-04-30,"Brooklyn",13,382,3,"313"
2021-04-30,"Brooklyn",14,392,3,"314"
2021-04-30,"Brooklyn",15,119,3,"315"
2021-04-30,"Brooklyn",16,1248,3,"316"
2021-04-30,"Brooklyn",17,952,3,"317"
2021-04-30,"Brooklyn",18,670,3,"318"
2021-04-30,"Brooklyn",55,1124.5,3,"355"
2021-04-30,"Brooklyn",56,1124.5,3,"356"
2021-04-30,"Manhattan",1,599,1,"101"
2021-04-30,"Manhattan",2,29,1,"102"
2021-04-30,"Manhattan",3,547,1,"103"
2021-04-30,"Manhattan",4,275,1,"104"
2021-04-30,"Manhattan",5,145,1,"105"
2021-04-30,"Manhattan",6,130,1,"106"
2021-04-30,"Manhattan",7,307,1,"107"
2021-04-30,"Manhattan",8,100,1,"108"
2021-04-30,"Manhattan",9,480,1,"109"
2021-04-30,"Manhattan",10,1146,1,"110"
2021-04-30,"Manhattan",11,1216,1,"111"
2021-04-30,"Manhattan",12,599,1,"112"
2021-04-30,"Manhattan",16,3320,1,"116"
2021-04-30,"Queens",1,636,4,"401"
2021-04-30,"Queens",2,291,4,"402"
2021-04-30,"Queens",3,246,4,"403"
2021-04-30,"Queens",4,184,4,"404"
2021-04-30,"Queens",5,181,4,"405"
2021-04-30,"Queens",6,54,4,"406"
2021-04-30,"Queens",7,194,4,"407"
2021-04-30,"Queens",8,247,4,"408"
2021-04-30,"Queens",9,273,4,"409"
2021-04-30,"Queens",10,208,4,"410"
2021-04-30,"Queens",11,19,4,"411"
2021-04-30,"Queens",12,1404,4,"412"
2021-04-30,"Queens",13,495,4,"413"
2021-04-30,"Queens",14,865,4,"414"
2021-04-30,"Queens",80,298.8,4,"480"
2021-04-30,"Queens",81,298.8,4,"481"
2021-04-30,"Queens",82,298.8,4,"482"
2021-04-30,"Queens",83,298.8,4,"483"
2021-04-30,"Queens",84,298.8,4,"484"
2021-04-30,"Staten Island",1,601,5,"501"
2021-04-30,"Staten Island",2,70,5,"502"
2021-04-30,"Staten Island",3,44,5,"503"
2021-04-30,"Staten Island",95,135,5,"595"
2021-05-31,"Bronx",1,1676,2,"201"
2021-05-31,"Bronx",2,775,2,"202"
2021-05-31,"Bronx",3,1576,2,"203"
2021-05-31,"Bronx",4,1665,2,"204"
2021-05-31,"Bronx",5,1593,2,"205"
2021-05-31,"Bronx",6,1274,2,"206"
2021-05-31,"Bronx",7,1033,2,"207"
2021-05-31,"Bronx",8,257,2,"208"
2021-05-31,"Bronx",9,1498,2,"209"
2021-05-31,"Bronx",10,357,2,"210"
2021-05-31,"Bronx",11,636,2,"211"
2021-05-31,"Bronx",12,1377,2,"212"
2021-05-31,"Bronx",26,966.333333333333,2,"226"
2021-05-31,"Bronx",27,966.333333333333,2,"227"
2021-05-31,"Bronx",28,966.333333333333,2,"228"
2021-05-31,"Brooklyn",1,341,3,"301"
2021-05-31,"Brooklyn",2,341,3,"302"
2021-05-31,"Brooklyn",3,1313,3,"303"
2021-05-31,"Brooklyn",4,513,3,"304"
2021-05-31,"Brooklyn",5,1678,3,"305"
2021-05-31,"Brooklyn",6,255,3,"306"
2021-05-31,"Brooklyn",7,164,3,"307"
2021-05-31,"Brooklyn",8,611,3,"308"
2021-05-31,"Brooklyn",9,473,3,"309"
2021-05-31,"Brooklyn",10,89,3,"310"
2021-05-31,"Brooklyn",11,162,3,"311"
2021-05-31,"Brooklyn",12,131,3,"312"
2021-05-31,"Brooklyn",13,404,3,"313"
2021-05-31,"Brooklyn",14,396,3,"314"
2021-05-31,"Brooklyn",15,120,3,"315"
2021-05-31,"Brooklyn",16,1250,3,"316"
2021-05-31,"Brooklyn",17,959,3,"317"
2021-05-31,"Brooklyn",18,626,3,"318"
2021-05-31,"Brooklyn",55,1083.5,3,"355"
2021-05-31,"Brooklyn",56,1083.5,3,"356"
2021-05-31,"Manhattan",1,534,1,"101"
2021-05-31,"Manhattan",2,26,1,"102"
2021-05-31,"Manhattan",3,549,1,"103"
2021-05-31,"Manhattan",4,267,1,"104"
2021-05-31,"Manhattan",5,141,1,"105"
2021-05-31,"Manhattan",6,129,1,"106"
2021-05-31,"Manhattan",7,287,1,"107"
2021-05-31,"Manhattan",8,86,1,"108"
2021-05-31,"Manhattan",9,489,1,"109"
2021-05-31,"Manhattan",10,1115,1,"110"
2021-05-31,"Manhattan",11,1172,1,"111"
2021-05-31,"Manhattan",12,595,1,"112"
2021-05-31,"Manhattan",16,3395,1,"116"
2021-05-31,"Queens",1,618,4,"401"
2021-05-31,"Queens",2,289,4,"402"
2021-05-31,"Queens",3,265,4,"403"
2021-05-31,"Queens",4,177,4,"404"
2021-05-31,"Queens",5,179,4,"405"
2021-05-31,"Queens",6,53,4,"406"
2021-05-31,"Queens",7,187,4,"407"
2021-05-31,"Queens",8,240,4,"408"
2021-05-31,"Queens",9,250,4,"409"
2021-05-31,"Queens",10,204,4,"410"
2021-05-31,"Queens",11,16,4,"411"
2021-05-31,"Queens",12,1348,4,"412"
2021-05-31,"Queens",13,482,4,"413"
2021-05-31,"Queens",14,806,4,"414"
2021-05-31,"Queens",80,275.4,4,"480"
2021-05-31,"Queens",81,275.4,4,"481"
2021-05-31,"Queens",82,275.4,4,"482"
2021-05-31,"Queens",83,275.4,4,"483"
2021-05-31,"Queens",84,275.4,4,"484"
2021-05-31,"Staten Island",1,557,5,"501"
2021-05-31,"Staten Island",2,74,5,"502"
2021-05-31,"Staten Island",3,44,5,"503"
2021-05-31,"Staten Island",95,125,5,"595"
2021-06-30,"Bronx",1,1689,2,"201"
2021-06-30,"Bronx",2,762,2,"202"
2021-06-30,"Bronx",3,1524,2,"203"
2021-06-30,"Bronx",4,1630,2,"204"
2021-06-30,"Bronx",5,1556,2,"205"
2021-06-30,"Bronx",6,1256,2,"206"
2021-06-30,"Bronx",7,986,2,"207"
2021-06-30,"Bronx",8,239,2,"208"
2021-06-30,"Bronx",9,1477,2,"209"
2021-06-30,"Bronx",10,358,2,"210"
2021-06-30,"Bronx",11,626,2,"211"
2021-06-30,"Bronx",12,1332,2,"212"
2021-06-30,"Bronx",26,970,2,"226"
2021-06-30,"Bronx",27,970,2,"227"
2021-06-30,"Bronx",28,970,2,"228"
2021-06-30,"Brooklyn",1,333,3,"301"
2021-06-30,"Brooklyn",2,330,3,"302"
2021-06-30,"Brooklyn",3,1258,3,"303"
2021-06-30,"Brooklyn",4,510,3,"304"
2021-06-30,"Brooklyn",5,1656,3,"305"
2021-06-30,"Brooklyn",6,257,3,"306"
2021-06-30,"Brooklyn",7,158,3,"307"
2021-06-30,"Brooklyn",8,577,3,"308"
2021-06-30,"Brooklyn",9,459,3,"309"
2021-06-30,"Brooklyn",10,94,3,"310"
2021-06-30,"Brooklyn",11,169,3,"311"
2021-06-30,"Brooklyn",12,129,3,"312"
2021-06-30,"Brooklyn",13,390,3,"313"
2021-06-30,"Brooklyn",14,382,3,"314"
2021-06-30,"Brooklyn",15,120,3,"315"
2021-06-30,"Brooklyn",16,1192,3,"316"
2021-06-30,"Brooklyn",17,947,3,"317"
2021-06-30,"Brooklyn",18,613,3,"318"
2021-06-30,"Brooklyn",55,1045,3,"355"
2021-06-30,"Brooklyn",56,1045,3,"356"
2021-06-30,"Manhattan",1,547,1,"101"
2021-06-30,"Manhattan",2,22,1,"102"
2021-06-30,"Manhattan",3,518,1,"103"
2021-06-30,"Manhattan",4,243,1,"104"
2021-06-30,"Manhattan",5,150,1,"105"
2021-06-30,"Manhattan",6,130,1,"106"
2021-06-30,"Manhattan",7,268,1,"107"
2021-06-30,"Manhattan",8,77,1,"108"
2021-06-30,"Manhattan",9,454,1,"109"
2021-06-30,"Manhattan",10,1072,1,"110"
2021-06-30,"Manhattan",11,1162,1,"111"
2021-06-30,"Manhattan",12,591,1,"112"
2021-06-30,"Manhattan",16,3189,1,"116"
2021-06-30,"Queens",1,597,4,"401"
2021-06-30,"Queens",2,279,4,"402"
2021-06-30,"Queens",3,253,4,"403"
2021-06-30,"Queens",4,167,4,"404"
2021-06-30,"Queens",5,180,4,"405"
2021-06-30,"Queens",6,55,4,"406"
2021-06-30,"Queens",7,190,4,"407"
2021-06-30,"Queens",8,219,4,"408"
2021-06-30,"Queens",9,248,4,"409"
2021-06-30,"Queens",10,178,4,"410"
2021-06-30,"Queens",11,16,4,"411"
2021-06-30,"Queens",12,1314,4,"412"
2021-06-30,"Queens",13,458,4,"413"
2021-06-30,"Queens",14,784,4,"414"
2021-06-30,"Queens",80,273.6,4,"480"
2021-06-30,"Queens",81,273.6,4,"481"
2021-06-30,"Queens",82,273.6,4,"482"
2021-06-30,"Queens",83,273.6,4,"483"
2021-06-30,"Queens",84,273.6,4,"484"
2021-06-30,"Staten Island",1,547,5,"501"
2021-06-30,"Staten Island",2,69,5,"502"
2021-06-30,"Staten Island",3,33,5,"503"
2021-06-30,"Staten Island",95,126,5,"595"
2021-07-31,"Bronx",1,1608,2,"201"
2021-07-31,"Bronx",2,733,2,"202"
2021-07-31,"Bronx",3,1436,2,"203"
2021-07-31,"Bronx",4,1478,2,"204"
2021-07-31,"Bronx",5,1425,2,"205"
2021-07-31,"Bronx",6,1196,2,"206"
2021-07-31,"Bronx",7,918,2,"207"
2021-07-31,"Bronx",8,247,2,"208"
2021-07-31,"Bronx",9,1376,2,"209"
2021-07-31,"Bronx",10,331,2,"210"
2021-07-31,"Bronx",11,564,2,"211"
2021-07-31,"Bronx",12,1238,2,"212"
2021-07-31,"Bronx",26,894.333333333333,2,"226"
2021-07-31,"Bronx",27,894.333333333333,2,"227"
2021-07-31,"Bronx",28,894.333333333333,2,"228"
2021-07-31,"Brooklyn",1,318,3,"301"
2021-07-31,"Brooklyn",2,305,3,"302"
2021-07-31,"Brooklyn",3,1196,3,"303"
2021-07-31,"Brooklyn",4,485,3,"304"
2021-07-31,"Brooklyn",5,1577,3,"305"
2021-07-31,"Brooklyn",6,228,3,"306"
2021-07-31,"Brooklyn",7,150,3,"307"
2021-07-31,"Brooklyn",8,577,3,"308"
2021-07-31,"Brooklyn",9,462,3,"309"
2021-07-31,"Brooklyn",10,94,3,"310"
2021-07-31,"Brooklyn",11,161,3,"311"
2021-07-31,"Brooklyn",12,117,3,"312"
2021-07-31,"Brooklyn",13,391,3,"313"
2021-07-31,"Brooklyn",14,391,3,"314"
2021-07-31,"Brooklyn",15,124,3,"315"
2021-07-31,"Brooklyn",16,1188,3,"316"
2021-07-31,"Brooklyn",17,894,3,"317"
2021-07-31,"Brooklyn",18,589,3,"318"
2021-07-31,"Brooklyn",55,1004,3,"355"
2021-07-31,"Brooklyn",56,1004,3,"356"
2021-07-31,"Manhattan",1,549,1,"101"
2021-07-31,"Manhattan",2,23,1,"102"
2021-07-31,"Manhattan",3,494,1,"103"
2021-07-31,"Manhattan",4,222,1,"104"
2021-07-31,"Manhattan",5,152,1,"105"
2021-07-31,"Manhattan",6,133,1,"106"
2021-07-31,"Manhattan",7,262,1,"107"
2021-07-31,"Manhattan",8,74,1,"108"
2021-07-31,"Manhattan",9,458,1,"109"
2021-07-31,"Manhattan",10,981,1,"110"
2021-07-31,"Manhattan",11,1112,1,"111"
2021-07-31,"Manhattan",12,530,1,"112"
2021-07-31,"Manhattan",16,3038,1,"116"
2021-07-31,"Queens",1,578,4,"401"
2021-07-31,"Queens",2,265,4,"402"
2021-07-31,"Queens",3,240,4,"403"
2021-07-31,"Queens",4,170,4,"404"
2021-07-31,"Queens",5,171,4,"405"
2021-07-31,"Queens",6,45,4,"406"
2021-07-31,"Queens",7,181,4,"407"
2021-07-31,"Queens",8,211,4,"408"
2021-07-31,"Queens",9,252,4,"409"
2021-07-31,"Queens",10,196,4,"410"
2021-07-31,"Queens",11,14,4,"411"
2021-07-31,"Queens",12,1278,4,"412"
2021-07-31,"Queens",13,458,4,"413"
2021-07-31,"Queens",14,735,4,"414"
2021-07-31,"Queens",80,269,4,"480"
2021-07-31,"Queens",81,269,4,"481"
2021-07-31,"Queens",82,269,4,"482"
2021-07-31,"Queens",83,269,4,"483"
2021-07-31,"Queens",84,269,4,"484"
2021-07-31,"Staten Island",1,530,5,"501"
2021-07-31,"Staten Island",2,61,5,"502"
2021-07-31,"Staten Island",3,34,5,"503"
2021-07-31,"Staten Island",95,111,5,"595"
2021-08-31,"Bronx",1,1630,2,"201"
2021-08-31,"Bronx",2,715,2,"202"
2021-08-31,"Bronx",3,1417,2,"203"
2021-08-31,"Bronx",4,1449,2,"204"
2021-08-31,"Bronx",5,1410,2,"205"
2021-08-31,"Bronx",6,1151,2,"206"
2021-08-31,"Bronx",7,937,2,"207"
2021-08-31,"Bronx",8,252,2,"208"
2021-08-31,"Bronx",9,1364,2,"209"
2021-08-31,"Bronx",10,340,2,"210"
2021-08-31,"Bronx",11,559,2,"211"
2021-08-31,"Bronx",12,1212,2,"212"
2021-08-31,"Bronx",26,903.666666666667,2,"226"
2021-08-31,"Bronx",27,903.666666666667,2,"227"
2021-08-31,"Bronx",28,903.666666666667,2,"228"
2021-08-31,"Brooklyn",1,320,3,"301"
2021-08-31,"Brooklyn",2,294,3,"302"
2021-08-31,"Brooklyn",3,1198,3,"303"
2021-08-31,"Brooklyn",4,516,3,"304"
2021-08-31,"Brooklyn",5,1638,3,"305"
2021-08-31,"Brooklyn",6,237,3,"306"
2021-08-31,"Brooklyn",7,159,3,"307"
2021-08-31,"Brooklyn",8,585,3,"308"
2021-08-31,"Brooklyn",9,462,3,"309"
2021-08-31,"Brooklyn",10,82,3,"310"
2021-08-31,"Brooklyn",11,164,3,"311"
2021-08-31,"Brooklyn",12,124,3,"312"
2021-08-31,"Brooklyn",13,373,3,"313"
2021-08-31,"Brooklyn",14,411,3,"314"
2021-08-31,"Brooklyn",15,113,3,"315"
2021-08-31,"Brooklyn",16,1194,3,"316"
2021-08-31,"Brooklyn",17,883,3,"317"
2021-08-31,"Brooklyn",18,587,3,"318"
2021-08-31,"Brooklyn",55,1007,3,"355"
2021-08-31,"Brooklyn",56,1007,3,"356"
2021-08-31,"Manhattan",1,584,1,"101"
2021-08-31,"Manhattan",2,24,1,"102"
2021-08-31,"Manhattan",3,500,1,"103"
2021-08-31,"Manhattan",4,217,1,"104"
2021-08-31,"Manhattan",5,148,1,"105"
2021-08-31,"Manhattan",6,127,1,"106"
2021-08-31,"Manhattan",7,262,1,"107"
2021-08-31,"Manhattan",8,79,1,"108"
2021-08-31,"Manhattan",9,434,1,"109"
2021-08-31,"Manhattan",10,964,1,"110"
2021-08-31,"Manhattan",11,1110,1,"111"
2021-08-31,"Manhattan",12,545,1,"112"
2021-08-31,"Manhattan",16,3127,1,"116"
2021-08-31,"Queens",1,567,4,"401"
2021-08-31,"Queens",2,262,4,"402"
2021-08-31,"Queens",3,225,4,"403"
2021-08-31,"Queens",4,165,4,"404"
2021-08-31,"Queens",5,185,4,"405"
2021-08-31,"Queens",6,47,4,"406"
2021-08-31,"Queens",7,178,4,"407"
2021-08-31,"Queens",8,207,4,"408"
2021-08-31,"Queens",9,243,4,"409"
2021-08-31,"Queens",10,188,4,"410"
2021-08-31,"Queens",11,17,4,"411"
2021-08-31,"Queens",12,1243,4,"412"
2021-08-31,"Queens",13,435,4,"413"
2021-08-31,"Queens",14,711,4,"414"
2021-08-31,"Queens",80,260,4,"480"
2021-08-31,"Queens",81,260,4,"481"
2021-08-31,"Queens",82,260,4,"482"
2021-08-31,"Queens",83,260,4,"483"
2021-08-31,"Queens",84,260,4,"484"
2021-08-31,"Staten Island",1,535,5,"501"
2021-08-31,"Staten Island",2,58,5,"502"
2021-08-31,"Staten Island",3,31,5,"503"
2021-08-31,"Staten Island",95,119,5,"595"
2021-09-30,"Bronx",1,1644,2,"201"
2021-09-30,"Bronx",2,791,2,"202"
2021-09-30,"Bronx",3,1432,2,"203"
2021-09-30,"Bronx",4,1468,2,"204"
2021-09-30,"Bronx",5,1441,2,"205"
2021-09-30,"Bronx",6,1181,2,"206"
2021-09-30,"Bronx",7,974,2,"207"
2021-09-30,"Bronx",8,247,2,"208"
2021-09-30,"Bronx",9,1384,2,"209"
2021-09-30,"Bronx",10,348,2,"210"
2021-09-30,"Bronx",11,575,2,"211"
2021-09-30,"Bronx",12,1284,2,"212"
2021-09-30,"Bronx",26,929.333333333333,2,"226"
2021-09-30,"Bronx",27,929.333333333333,2,"227"
2021-09-30,"Bronx",28,929.333333333333,2,"228"
2021-09-30,"Brooklyn",1,326,3,"301"
2021-09-30,"Brooklyn",2,288,3,"302"
2021-09-30,"Brooklyn",3,1201,3,"303"
2021-09-30,"Brooklyn",4,496,3,"304"
2021-09-30,"Brooklyn",5,1619,3,"305"
2021-09-30,"Brooklyn",6,245,3,"306"
2021-09-30,"Brooklyn",7,164,3,"307"
2021-09-30,"Brooklyn",8,602,3,"308"
2021-09-30,"Brooklyn",9,466,3,"309"
2021-09-30,"Brooklyn",10,80,3,"310"
2021-09-30,"Brooklyn",11,166,3,"311"
2021-09-30,"Brooklyn",12,123,3,"312"
2021-09-30,"Brooklyn",13,385,3,"313"
2021-09-30,"Brooklyn",14,399,3,"314"
2021-09-30,"Brooklyn",15,129,3,"315"
2021-09-30,"Brooklyn",16,1169,3,"316"
2021-09-30,"Brooklyn",17,921,3,"317"
2021-09-30,"Brooklyn",18,585,3,"318"
2021-09-30,"Brooklyn",55,1011.5,3,"355"
2021-09-30,"Brooklyn",56,1011.5,3,"356"
2021-09-30,"Manhattan",1,607,1,"101"
2021-09-30,"Manhattan",2,22,1,"102"
2021-09-30,"Manhattan",3,508,1,"103"
2021-09-30,"Manhattan",4,233,1,"104"
2021-09-30,"Manhattan",5,138,1,"105"
2021-09-30,"Manhattan",6,126,1,"106"
2021-09-30,"Manhattan",7,278,1,"107"
2021-09-30,"Manhattan",8,79,1,"108"
2021-09-30,"Manhattan",9,438,1,"109"
2021-09-30,"Manhattan",10,935,1,"110"
2021-09-30,"Manhattan",11,1139,1,"111"
2021-09-30,"Manhattan",12,562,1,"112"
2021-09-30,"Manhattan",16,3151,1,"116"
2021-09-30,"Queens",1,589,4,"401"
2021-09-30,"Queens",2,256,4,"402"
2021-09-30,"Queens",3,218,4,"403"
2021-09-30,"Queens",4,161,4,"404"
2021-09-30,"Queens",5,189,4,"405"
2021-09-30,"Queens",6,59,4,"406"
2021-09-30,"Queens",7,192,4,"407"
2021-09-30,"Queens",8,197,4,"408"
2021-09-30,"Queens",9,261,4,"409"
2021-09-30,"Queens",10,204,4,"410"
2021-09-30,"Queens",11,20,4,"411"
2021-09-30,"Queens",12,1260,4,"412"
2021-09-30,"Queens",13,451,4,"413"
2021-09-30,"Queens",14,742,4,"414"
2021-09-30,"Queens",80,270.8,4,"480"
2021-09-30,"Queens",81,270.8,4,"481"
2021-09-30,"Queens",82,270.8,4,"482"
2021-09-30,"Queens",83,270.8,4,"483"
2021-09-30,"Queens",84,270.8,4,"484"
2021-09-30,"Staten Island",1,545,5,"501"
2021-09-30,"Staten Island",2,53,5,"502"
2021-09-30,"Staten Island",3,37,5,"503"
2021-09-30,"Staten Island",95,129,5,"595"
2021-10-31,"Bronx",1,1614,2,"201"
2021-10-31,"Bronx",2,814,2,"202"
2021-10-31,"Bronx",3,1449,2,"203"
2021-10-31,"Bronx",4,1506,2,"204"
2021-10-31,"Bronx",5,1395,2,"205"
2021-10-31,"Bronx",6,1200,2,"206"
2021-10-31,"Bronx",7,981,2,"207"
2021-10-31,"Bronx",8,235,2,"208"
2021-10-31,"Bronx",9,1383,2,"209"
2021-10-31,"Bronx",10,347,2,"210"
2021-10-31,"Bronx",11,558,2,"211"
2021-10-31,"Bronx",12,1293,2,"212"
2021-10-31,"Bronx",26,962.666666666667,2,"226"
2021-10-31,"Bronx",27,962.666666666667,2,"227"
2021-10-31,"Bronx",28,962.666666666667,2,"228"
2021-10-31,"Brooklyn",1,375,3,"301"
2021-10-31,"Brooklyn",2,294,3,"302"
2021-10-31,"Brooklyn",3,1199,3,"303"
2021-10-31,"Brooklyn",4,476,3,"304"
2021-10-31,"Brooklyn",5,1636,3,"305"
2021-10-31,"Brooklyn",6,260,3,"306"
2021-10-31,"Brooklyn",7,161,3,"307"
2021-10-31,"Brooklyn",8,616,3,"308"
2021-10-31,"Brooklyn",9,474,3,"309"
2021-10-31,"Brooklyn",10,82,3,"310"
2021-10-31,"Brooklyn",11,157,3,"311"
2021-10-31,"Brooklyn",12,131,3,"312"
2021-10-31,"Brooklyn",13,375,3,"313"
2021-10-31,"Brooklyn",14,395,3,"314"
2021-10-31,"Brooklyn",15,133,3,"315"
2021-10-31,"Brooklyn",16,1150,3,"316"
2021-10-31,"Brooklyn",17,909,3,"317"
2021-10-31,"Brooklyn",18,623,3,"318"
2021-10-31,"Brooklyn",55,1009,3,"355"
2021-10-31,"Brooklyn",56,1009,3,"356"
2021-10-31,"Manhattan",1,611,1,"101"
2021-10-31,"Manhattan",2,23,1,"102"
2021-10-31,"Manhattan",3,501,1,"103"
2021-10-31,"Manhattan",4,256,1,"104"
2021-10-31,"Manhattan",5,147,1,"105"
2021-10-31,"Manhattan",6,128,1,"106"
2021-10-31,"Manhattan",7,298,1,"107"
2021-10-31,"Manhattan",8,80,1,"108"
2021-10-31,"Manhattan",9,448,1,"109"
2021-10-31,"Manhattan",10,985,1,"110"
2021-10-31,"Manhattan",11,1115,1,"111"
2021-10-31,"Manhattan",12,561,1,"112"
2021-10-31,"Manhattan",16,3182,1,"116"
2021-10-31,"Queens",1,573,4,"401"
2021-10-31,"Queens",2,254,4,"402"
2021-10-31,"Queens",3,239,4,"403"
2021-10-31,"Queens",4,165,4,"404"
2021-10-31,"Queens",5,195,4,"405"
2021-10-31,"Queens",6,57,4,"406"
2021-10-31,"Queens",7,194,4,"407"
2021-10-31,"Queens",8,203,4,"408"
2021-10-31,"Queens",9,240,4,"409"
2021-10-31,"Queens",10,192,4,"410"
2021-10-31,"Queens",11,24,4,"411"
2021-10-31,"Queens",12,1245,4,"412"
2021-10-31,"Queens",13,467,4,"413"
2021-10-31,"Queens",14,707,4,"414"
2021-10-31,"Queens",80,268.6,4,"480"
2021-10-31,"Queens",81,268.6,4,"481"
2021-10-31,"Queens",82,268.6,4,"482"
2021-10-31,"Queens",83,268.6,4,"483"
2021-10-31,"Queens",84,268.6,4,"484"
2021-10-31,"Staten Island",1,528,5,"501"
2021-10-31,"Staten Island",2,61,5,"502"
2021-10-31,"Staten Island",3,33,5,"503"
2021-10-31,"Staten Island",95,117,5,"595"
2021-11-30,"Bronx",1,1562,2,"201"
2021-11-30,"Bronx",2,782,2,"202"
2021-11-30,"Bronx",3,1444,2,"203"
2021-11-30,"Bronx",4,1580,2,"204"
2021-11-30,"Bronx",5,1361,2,"205"
2021-11-30,"Bronx",6,1204,2,"206"
2021-11-30,"Bronx",7,979,2,"207"
2021-11-30,"Bronx",8,247,2,"208"
2021-11-30,"Bronx",9,1388,2,"209"
2021-11-30,"Bronx",10,362,2,"210"
2021-11-30,"Bronx",11,567,2,"211"
2021-11-30,"Bronx",12,1300,2,"212"
2021-11-30,"Bronx",26,967,2,"226"
2021-11-30,"Bronx",27,967,2,"227"
2021-11-30,"Bronx",28,967,2,"228"
2021-11-30,"Brooklyn",1,359,3,"301"
2021-11-30,"Brooklyn",2,291,3,"302"
2021-11-30,"Brooklyn",3,1254,3,"303"
2021-11-30,"Brooklyn",4,511,3,"304"
2021-11-30,"Brooklyn",5,1606,3,"305"
2021-11-30,"Brooklyn",6,257,3,"306"
2021-11-30,"Brooklyn",7,161,3,"307"
2021-11-30,"Brooklyn",8,617,3,"308"
2021-11-30,"Brooklyn",9,492,3,"309"
2021-11-30,"Brooklyn",10,85,3,"310"
2021-11-30,"Brooklyn",11,151,3,"311"
2021-11-30,"Brooklyn",12,104,3,"312"
2021-11-30,"Brooklyn",13,389,3,"313"
2021-11-30,"Brooklyn",14,370,3,"314"
2021-11-30,"Brooklyn",15,118,3,"315"
2021-11-30,"Brooklyn",16,1122,3,"316"
2021-11-30,"Brooklyn",17,914,3,"317"
2021-11-30,"Brooklyn",18,640,3,"318"
2021-11-30,"Brooklyn",55,1041,3,"355"
2021-11-30,"Brooklyn",56,1041,3,"356"
2021-11-30,"Manhattan",1,585,1,"101"
2021-11-30,"Manhattan",2,23,1,"102"
2021-11-30,"Manhattan",3,495,1,"103"
2021-11-30,"Manhattan",4,252,1,"104"
2021-11-30,"Manhattan",5,136,1,"105"
2021-11-30,"Manhattan",6,124,1,"106"
2021-11-30,"Manhattan",7,313,1,"107"
2021-11-30,"Manhattan",8,82,1,"108"
2021-11-30,"Manhattan",9,433,1,"109"
2021-11-30,"Manhattan",10,986,1,"110"
2021-11-30,"Manhattan",11,1114,1,"111"
2021-11-30,"Manhattan",12,554,1,"112"
2021-11-30,"Manhattan",16,3258,1,"116"
2021-11-30,"Queens",1,572,4,"401"
2021-11-30,"Queens",2,243,4,"402"
2021-11-30,"Queens",3,229,4,"403"
2021-11-30,"Queens",4,169,4,"404"
2021-11-30,"Queens",5,193,4,"405"
2021-11-30,"Queens",6,60,4,"406"
2021-11-30,"Queens",7,189,4,"407"
2021-11-30,"Queens",8,182,4,"408"
2021-11-30,"Queens",9,234,4,"409"
2021-11-30,"Queens",10,193,4,"410"
2021-11-30,"Queens",11,18,4,"411"
2021-11-30,"Queens",12,1239,4,"412"
2021-11-30,"Queens",13,438,4,"413"
2021-11-30,"Queens",14,676,4,"414"
2021-11-30,"Queens",80,263,4,"480"
2021-11-30,"Queens",81,263,4,"481"
2021-11-30,"Queens",82,263,4,"482"
2021-11-30,"Queens",83,263,4,"483"
2021-11-30,"Queens",84,263,4,"484"
2021-11-30,"Staten Island",1,521,5,"501"
2021-11-30,"Staten Island",2,64,5,"502"
2021-11-30,"Staten Island",3,38,5,"503"
2021-11-30,"Staten Island",95,109,5,"595"
2021-12-31,"Bronx",1,1498,2,"201"
2021-12-31,"Bronx",2,779,2,"202"
2021-12-31,"Bronx",3,1431,2,"203"
2021-12-31,"Bronx",4,1582,2,"204"
2021-12-31,"Bronx",5,1301,2,"205"
2021-12-31,"Bronx",6,1216,2,"206"
2021-12-31,"Bronx",7,922,2,"207"
2021-12-31,"Bronx",8,253,2,"208"
2021-12-31,"Bronx",9,1340,2,"209"
2021-12-31,"Bronx",10,345,2,"210"
2021-12-31,"Bronx",11,548,2,"211"
2021-12-31,"Bronx",12,1254,2,"212"
2021-12-31,"Bronx",26,970,2,"226"
2021-12-31,"Bronx",27,970,2,"227"
2021-12-31,"Bronx",28,970,2,"228"
2021-12-31,"Brooklyn",1,368,3,"301"
2021-12-31,"Brooklyn",2,281,3,"302"
2021-12-31,"Brooklyn",3,1195,3,"303"
2021-12-31,"Brooklyn",4,476,3,"304"
2021-12-31,"Brooklyn",5,1567,3,"305"
2021-12-31,"Brooklyn",6,256,3,"306"
2021-12-31,"Brooklyn",7,162,3,"307"
2021-12-31,"Brooklyn",8,607,3,"308"
2021-12-31,"Brooklyn",9,454,3,"309"
2021-12-31,"Brooklyn",10,79,3,"310"
2021-12-31,"Brooklyn",11,141,3,"311"
2021-12-31,"Brooklyn",12,97,3,"312"
2021-12-31,"Brooklyn",13,393,3,"313"
2021-12-31,"Brooklyn",14,353,3,"314"
2021-12-31,"Brooklyn",15,120,3,"315"
2021-12-31,"Brooklyn",16,1081,3,"316"
2021-12-31,"Brooklyn",17,920,3,"317"
2021-12-31,"Brooklyn",18,589,3,"318"
2021-12-31,"Brooklyn",55,1025,3,"355"
2021-12-31,"Brooklyn",56,1025,3,"356"
2021-12-31,"Manhattan",1,592,1,"101"
2021-12-31,"Manhattan",2,25,1,"102"
2021-12-31,"Manhattan",3,469,1,"103"
2021-12-31,"Manhattan",4,269,1,"104"
2021-12-31,"Manhattan",5,157,1,"105"
2021-12-31,"Manhattan",6,106,1,"106"
2021-12-31,"Manhattan",7,300,1,"107"
2021-12-31,"Manhattan",8,87,1,"108"
2021-12-31,"Manhattan",9,419,1,"109"
2021-12-31,"Manhattan",10,939,1,"110"
2021-12-31,"Manhattan",11,1075,1,"111"
2021-12-31,"Manhattan",12,551,1,"112"
2021-12-31,"Manhattan",16,3208,1,"116"
2021-12-31,"Queens",1,556,4,"401"
2021-12-31,"Queens",2,249,4,"402"
2021-12-31,"Queens",3,229,4,"403"
2021-12-31,"Queens",4,155,4,"404"
2021-12-31,"Queens",5,185,4,"405"
2021-12-31,"Queens",6,59,4,"406"
2021-12-31,"Queens",7,164,4,"407"
2021-12-31,"Queens",8,173,4,"408"
2021-12-31,"Queens",9,245,4,"409"
2021-12-31,"Queens",10,185,4,"410"
2021-12-31,"Queens",11,17,4,"411"
2021-12-31,"Queens",12,1160,4,"412"
2021-12-31,"Queens",13,434,4,"413"
2021-12-31,"Queens",14,663,4,"414"
2021-12-31,"Queens",80,269.2,4,"480"
2021-12-31,"Queens",81,269.2,4,"481"
2021-12-31,"Queens",82,269.2,4,"482"
2021-12-31,"Queens",83,269.2,4,"483"
2021-12-31,"Queens",84,269.2,4,"484"
2021-12-31,"Staten Island",1,502,5,"501"
2021-12-31,"Staten Island",2,62,5,"502"
2021-12-31,"Staten Island",3,42,5,"503"
2021-12-31,"Staten Island",95,108,5,"595"
