"date","borough","community_district","count","case_count","death_count"
2020-03-31,"Bronx","1",1943,65183,2187
2020-03-31,"Bronx","2",952,65183,2187
2020-03-31,"Bronx","3",1930,65183,2187
2020-03-31,"Bronx","4",2122,65183,2187
2020-03-31,"Bronx","5",1981,65183,2187
2020-03-31,"Bronx","6",1577,65183,2187
2020-03-31,"Bronx","7",1305,65183,2187
2020-03-31,"Bronx","8",306,65183,2187
2020-03-31,"Bronx","9",1817,65183,2187
2020-03-31,"Bronx","10",532,65183,2187
2020-03-31,"Bronx","11",734,65183,2187
2020-03-31,"Bronx","12",1911,65183,2187
2020-03-31,"Bronx","Unknown CD",3010,65183,2187
2020-03-31,"Brooklyn","1",446,65183,2187
2020-03-31,"Brooklyn","2",432,65183,2187
2020-03-31,"Brooklyn","3",1662,65183,2187
2020-03-31,"Brooklyn","4",716,65183,2187
2020-03-31,"Brooklyn","5",2478,65183,2187
2020-03-31,"Brooklyn","6",292,65183,2187
2020-03-31,"Brooklyn","7",207,65183,2187
2020-03-31,"Brooklyn","8",771,65183,2187
2020-03-31,"Brooklyn","9",570,65183,2187
2020-03-31,"Brooklyn","10",132,65183,2187
2020-03-31,"Brooklyn","11",196,65183,2187
2020-03-31,"Brooklyn","12",156,65183,2187
2020-03-31,"Brooklyn","13",456,65183,2187
2020-03-31,"Brooklyn","14",491,65183,2187
2020-03-31,"Brooklyn","15",178,65183,2187
2020-03-31,"Brooklyn","16",1563,65183,2187
2020-03-31,"Brooklyn","17",1209,65183,2187
2020-03-31,"Brooklyn","18",782,65183,2187
2020-03-31,"Brooklyn","Unknown CD",2330,65183,2187
2020-03-31,"Manhattan","1",508,65183,2187
2020-03-31,"Manhattan","2",47,65183,2187
2020-03-31,"Manhattan","3",603,65183,2187
2020-03-31,"Manhattan","4",303,65183,2187
2020-03-31,"Manhattan","5",132,65183,2187
2020-03-31,"Manhattan","6",145,65183,2187
2020-03-31,"Manhattan","7",321,65183,2187
2020-03-31,"Manhattan","8",120,65183,2187
2020-03-31,"Manhattan","9",698,65183,2187
2020-03-31,"Manhattan","10",1404,65183,2187
2020-03-31,"Manhattan","11",1317,65183,2187
2020-03-31,"Manhattan","12",704,65183,2187
2020-03-31,"Manhattan","Unknown CD",3031,65183,2187
2020-03-31,"Queens","1",750,65183,2187
2020-03-31,"Queens","2",376,65183,2187
2020-03-31,"Queens","3",283,65183,2187
2020-03-31,"Queens","4",233,65183,2187
2020-03-31,"Queens","5",203,65183,2187
2020-03-31,"Queens","6",67,65183,2187
2020-03-31,"Queens","7",201,65183,2187
2020-03-31,"Queens","8",299,65183,2187
2020-03-31,"Queens","9",313,65183,2187
2020-03-31,"Queens","10",264,65183,2187
2020-03-31,"Queens","11",33,65183,2187
2020-03-31,"Queens","12",1706,65183,2187
2020-03-31,"Queens","13",686,65183,2187
2020-03-31,"Queens","14",1045,65183,2187
2020-03-31,"Queens","Unknown CD",1781,65183,2187
2020-03-31,"Staten Island","1",923,65183,2187
2020-03-31,"Staten Island","2",82,65183,2187
2020-03-31,"Staten Island","3",55,65183,2187
2020-03-31,"Staten Island","Unknown CD",168,65183,2187
2020-04-30,"Bronx","1",1925,109298,12713
2020-04-30,"Bronx","2",918,109298,12713
2020-04-30,"Bronx","3",1878,109298,12713
2020-04-30,"Bronx","4",2067,109298,12713
2020-04-30,"Bronx","5",1919,109298,12713
2020-04-30,"Bronx","6",1534,109298,12713
2020-04-30,"Bronx","7",1274,109298,12713
2020-04-30,"Bronx","8",290,109298,12713
2020-04-30,"Bronx","9",1772,109298,12713
2020-04-30,"Bronx","10",515,109298,12713
2020-04-30,"Bronx","11",698,109298,12713
2020-04-30,"Bronx","12",1878,109298,12713
2020-04-30,"Bronx","Unknown CD",2945,109298,12713
2020-04-30,"Brooklyn","1",420,109298,12713
2020-04-30,"Brooklyn","2",423,109298,12713
2020-04-30,"Brooklyn","3",1627,109298,12713
2020-04-30,"Brooklyn","4",690,109298,12713
2020-04-30,"Brooklyn","5",2462,109298,12713
2020-04-30,"Brooklyn","6",277,109298,12713
2020-04-30,"Brooklyn","7",194,109298,12713
2020-04-30,"Brooklyn","8",754,109298,12713
2020-04-30,"Brooklyn","9",548,109298,12713
2020-04-30,"Brooklyn","10",122,109298,12713
2020-04-30,"Brooklyn","11",179,109298,12713
2020-04-30,"Brooklyn","12",152,109298,12713
2020-04-30,"Brooklyn","13",426,109298,12713
2020-04-30,"Brooklyn","14",480,109298,12713
2020-04-30,"Brooklyn","15",173,109298,12713
2020-04-30,"Brooklyn","16",1531,109298,12713
2020-04-30,"Brooklyn","17",1198,109298,12713
2020-04-30,"Brooklyn","18",741,109298,12713
2020-04-30,"Brooklyn","Unknown CD",2291,109298,12713
2020-04-30,"Manhattan","1",525,109298,12713
2020-04-30,"Manhattan","2",46,109298,12713
2020-04-30,"Manhattan","3",578,109298,12713
2020-04-30,"Manhattan","4",294,109298,12713
2020-04-30,"Manhattan","5",138,109298,12713
2020-04-30,"Manhattan","6",137,109298,12713
2020-04-30,"Manhattan","7",315,109298,12713
2020-04-30,"Manhattan","8",112,109298,12713
2020-04-30,"Manhattan","9",664,109298,12713
2020-04-30,"Manhattan","10",1370,109298,12713
2020-04-30,"Manhattan","11",1341,109298,12713
2020-04-30,"Manhattan","12",684,109298,12713
2020-04-30,"Manhattan","Unknown CD",3043,109298,12713
2020-04-30,"Queens","1",745,109298,12713
2020-04-30,"Queens","2",361,109298,12713
2020-04-30,"Queens","3",274,109298,12713
2020-04-30,"Queens","4",229,109298,12713
2020-04-30,"Queens","5",207,109298,12713
2020-04-30,"Queens","6",68,109298,12713
2020-04-30,"Queens","7",199,109298,12713
2020-04-30,"Queens","8",286,109298,12713
2020-04-30,"Queens","9",288,109298,12713
2020-04-30,"Queens","10",266,109298,12713
2020-04-30,"Queens","11",34,109298,12713
2020-04-30,"Queens","12",1671,109298,12713
2020-04-30,"Queens","13",666,109298,12713
2020-04-30,"Queens","14",1049,109298,12713
2020-04-30,"Queens","Unknown CD",1797,109298,12713
2020-04-30,"Staten Island","1",895,109298,12713
2020-04-30,"Staten Island","2",73,109298,12713
2020-04-30,"Staten Island","3",56,109298,12713
2020-04-30,"Staten Island","Unknown CD",152,109298,12713
2020-05-31,"Bronx","1",1925,28419,2819
2020-05-31,"Bronx","2",916,28419,2819
2020-05-31,"Bronx","3",1900,28419,2819
2020-05-31,"Bronx","4",2060,28419,2819
2020-05-31,"Bronx","5",1891,28419,2819
2020-05-31,"Bronx","6",1480,28419,2819
2020-05-31,"Bronx","7",1283,28419,2819
2020-05-31,"Bronx","8",286,28419,2819
2020-05-31,"Bronx","9",1764,28419,2819
2020-05-31,"Bronx","10",491,28419,2819
2020-05-31,"Bronx","11",661,28419,2819
2020-05-31,"Bronx","12",1862,28419,2819
2020-05-31,"Bronx","Unknown CD",2963,28419,2819
2020-05-31,"Brooklyn","1",410,28419,2819
2020-05-31,"Brooklyn","2",426,28419,2819
2020-05-31,"Brooklyn","3",1580,28419,2819
2020-05-31,"Brooklyn","4",662,28419,2819
2020-05-31,"Brooklyn","5",2362,28419,2819
2020-05-31,"Brooklyn","6",261,28419,2819
2020-05-31,"Brooklyn","7",202,28419,2819
2020-05-31,"Brooklyn","8",744,28419,2819
2020-05-31,"Brooklyn","9",557,28419,2819
2020-05-31,"Brooklyn","10",121,28419,2819
2020-05-31,"Brooklyn","11",188,28419,2819
2020-05-31,"Brooklyn","12",150,28419,2819
2020-05-31,"Brooklyn","13",430,28419,2819
2020-05-31,"Brooklyn","14",456,28419,2819
2020-05-31,"Brooklyn","15",169,28419,2819
2020-05-31,"Brooklyn","16",1556,28419,2819
2020-05-31,"Brooklyn","17",1165,28419,2819
2020-05-31,"Brooklyn","18",741,28419,2819
2020-05-31,"Brooklyn","Unknown CD",2287,28419,2819
2020-05-31,"Manhattan","1",509,28419,2819
2020-05-31,"Manhattan","2",44,28419,2819
2020-05-31,"Manhattan","3",591,28419,2819
2020-05-31,"Manhattan","4",300,28419,2819
2020-05-31,"Manhattan","5",145,28419,2819
2020-05-31,"Manhattan","6",139,28419,2819
2020-05-31,"Manhattan","7",318,28419,2819
2020-05-31,"Manhattan","8",111,28419,2819
2020-05-31,"Manhattan","9",667,28419,2819
2020-05-31,"Manhattan","10",1347,28419,2819
2020-05-31,"Manhattan","11",1303,28419,2819
2020-05-31,"Manhattan","12",673,28419,2819
2020-05-31,"Manhattan","Unknown CD",3087,28419,2819
2020-05-31,"Queens","1",725,28419,2819
2020-05-31,"Queens","2",356,28419,2819
2020-05-31,"Queens","3",291,28419,2819
2020-05-31,"Queens","4",215,28419,2819
2020-05-31,"Queens","5",209,28419,2819
2020-05-31,"Queens","6",69,28419,2819
2020-05-31,"Queens","7",192,28419,2819
2020-05-31,"Queens","8",276,28419,2819
2020-05-31,"Queens","9",298,28419,2819
2020-05-31,"Queens","10",247,28419,2819
2020-05-31,"Queens","11",34,28419,2819
2020-05-31,"Queens","12",1610,28419,2819
2020-05-31,"Queens","13",659,28419,2819
2020-05-31,"Queens","14",1006,28419,2819
2020-05-31,"Queens","Unknown CD",1783,28419,2819
2020-05-31,"Staten Island","1",818,28419,2819
2020-05-31,"Staten Island","2",81,28419,2819
2020-05-31,"Staten Island","3",50,28419,2819
2020-05-31,"Staten Island","Unknown CD",154,28419,2819
2020-06-30,"Bronx","1",1870,10845,679
2020-06-30,"Bronx","2",905,10845,679
2020-06-30,"Bronx","3",1860,10845,679
2020-06-30,"Bronx","4",2063,10845,679
2020-06-30,"Bronx","5",1845,10845,679
2020-06-30,"Bronx","6",1470,10845,679
2020-06-30,"Bronx","7",1247,10845,679
2020-06-30,"Bronx","8",281,10845,679
2020-06-30,"Bronx","9",1713,10845,679
2020-06-30,"Bronx","10",483,10845,679
2020-06-30,"Bronx","11",671,10845,679
2020-06-30,"Bronx","12",1803,10845,679
2020-06-30,"Bronx","Unknown CD",2990,10845,679
2020-06-30,"Brooklyn","1",397,10845,679
2020-06-30,"Brooklyn","2",410,10845,679
2020-06-30,"Brooklyn","3",1544,10845,679
2020-06-30,"Brooklyn","4",645,10845,679
2020-06-30,"Brooklyn","5",2288,10845,679
2020-06-30,"Brooklyn","6",269,10845,679
2020-06-30,"Brooklyn","7",201,10845,679
2020-06-30,"Brooklyn","8",726,10845,679
2020-06-30,"Brooklyn","9",553,10845,679
2020-06-30,"Brooklyn","10",111,10845,679
2020-06-30,"Brooklyn","11",183,10845,679
2020-06-30,"Brooklyn","12",146,10845,679
2020-06-30,"Brooklyn","13",409,10845,679
2020-06-30,"Brooklyn","14",461,10845,679
2020-06-30,"Brooklyn","15",165,10845,679
2020-06-30,"Brooklyn","16",1569,10845,679
2020-06-30,"Brooklyn","17",1106,10845,679
2020-06-30,"Brooklyn","18",733,10845,679
2020-06-30,"Brooklyn","Unknown CD",2315,10845,679
2020-06-30,"Manhattan","1",513,10845,679
2020-06-30,"Manhattan","2",41,10845,679
2020-06-30,"Manhattan","3",580,10845,679
2020-06-30,"Manhattan","4",296,10845,679
2020-06-30,"Manhattan","5",145,10845,679
2020-06-30,"Manhattan","6",147,10845,679
2020-06-30,"Manhattan","7",303,10845,679
2020-06-30,"Manhattan","8",109,10845,679
2020-06-30,"Manhattan","9",656,10845,679
2020-06-30,"Manhattan","10",1334,10845,679
2020-06-30,"Manhattan","11",1307,10845,679
2020-06-30,"Manhattan","12",647,10845,679
2020-06-30,"Manhattan","Unknown CD",3187,10845,679
2020-06-30,"Queens","1",713,10845,679
2020-06-30,"Queens","2",361,10845,679
2020-06-30,"Queens","3",290,10845,679
2020-06-30,"Queens","4",209,10845,679
2020-06-30,"Queens","5",200,10845,679
2020-06-30,"Queens","6",67,10845,679
2020-06-30,"Queens","7",187,10845,679
2020-06-30,"Queens","8",280,10845,679
2020-06-30,"Queens","9",286,10845,679
2020-06-30,"Queens","10",243,10845,679
2020-06-30,"Queens","11",27,10845,679
2020-06-30,"Queens","12",1590,10845,679
2020-06-30,"Queens","13",656,10845,679
2020-06-30,"Queens","14",964,10845,679
2020-06-30,"Queens","Unknown CD",1775,10845,679
2020-06-30,"Staten Island","1",776,10845,679
2020-06-30,"Staten Island","2",73,10845,679
2020-06-30,"Staten Island","3",53,10845,679
2020-06-30,"Staten Island","Unknown CD",149,10845,679
2020-07-31,"Bronx","1",1926,9786,239
2020-07-31,"Bronx","2",912,9786,239
2020-07-31,"Bronx","3",1810,9786,239
2020-07-31,"Bronx","4",2053,9786,239
2020-07-31,"Bronx","5",1859,9786,239
2020-07-31,"Bronx","6",1460,9786,239
2020-07-31,"Bronx","7",1225,9786,239
2020-07-31,"Bronx","8",283,9786,239
2020-07-31,"Bronx","9",1716,9786,239
2020-07-31,"Bronx","10",474,9786,239
2020-07-31,"Bronx","11",674,9786,239
2020-07-31,"Bronx","12",1791,9786,239
2020-07-31,"Bronx","Unknown CD",2989,9786,239
2020-07-31,"Brooklyn","1",385,9786,239
2020-07-31,"Brooklyn","2",418,9786,239
2020-07-31,"Brooklyn","3",1568,9786,239
2020-07-31,"Brooklyn","4",658,9786,239
2020-07-31,"Brooklyn","5",2180,9786,239
2020-07-31,"Brooklyn","6",275,9786,239
2020-07-31,"Brooklyn","7",191,9786,239
2020-07-31,"Brooklyn","8",705,9786,239
2020-07-31,"Brooklyn","9",551,9786,239
2020-07-31,"Brooklyn","10",121,9786,239
2020-07-31,"Brooklyn","11",183,9786,239
2020-07-31,"Brooklyn","12",139,9786,239
2020-07-31,"Brooklyn","13",414,9786,239
2020-07-31,"Brooklyn","14",453,9786,239
2020-07-31,"Brooklyn","15",152,9786,239
2020-07-31,"Brooklyn","16",1494,9786,239
2020-07-31,"Brooklyn","17",1078,9786,239
2020-07-31,"Brooklyn","18",743,9786,239
2020-07-31,"Brooklyn","Unknown CD",2297,9786,239
2020-07-31,"Manhattan","1",504,9786,239
2020-07-31,"Manhattan","2",41,9786,239
2020-07-31,"Manhattan","3",532,9786,239
2020-07-31,"Manhattan","4",304,9786,239
2020-07-31,"Manhattan","5",138,9786,239
2020-07-31,"Manhattan","6",139,9786,239
2020-07-31,"Manhattan","7",303,9786,239
2020-07-31,"Manhattan","8",109,9786,239
2020-07-31,"Manhattan","9",653,9786,239
2020-07-31,"Manhattan","10",1325,9786,239
2020-07-31,"Manhattan","11",1301,9786,239
2020-07-31,"Manhattan","12",638,9786,239
2020-07-31,"Manhattan","Unknown CD",3143,9786,239
2020-07-31,"Queens","1",704,9786,239
2020-07-31,"Queens","2",356,9786,239
2020-07-31,"Queens","3",283,9786,239
2020-07-31,"Queens","4",184,9786,239
2020-07-31,"Queens","5",190,9786,239
2020-07-31,"Queens","6",66,9786,239
2020-07-31,"Queens","7",189,9786,239
2020-07-31,"Queens","8",273,9786,239
2020-07-31,"Queens","9",304,9786,239
2020-07-31,"Queens","10",242,9786,239
2020-07-31,"Queens","11",25,9786,239
2020-07-31,"Queens","12",1580,9786,239
2020-07-31,"Queens","13",639,9786,239
2020-07-31,"Queens","14",984,9786,239
2020-07-31,"Queens","Unknown CD",1742,9786,239
2020-07-31,"Staten Island","1",753,9786,239
2020-07-31,"Staten Island","2",72,9786,239
2020-07-31,"Staten Island","3",45,9786,239
2020-07-31,"Staten Island","Unknown CD",138,9786,239
2020-08-31,"Bronx","1",1903,7446,113
2020-08-31,"Bronx","2",877,7446,113
2020-08-31,"Bronx","3",1857,7446,113
2020-08-31,"Bronx","4",2018,7446,113
2020-08-31,"Bronx","5",1807,7446,113
2020-08-31,"Bronx","6",1457,7446,113
2020-08-31,"Bronx","7",1224,7446,113
2020-08-31,"Bronx","8",279,7446,113
2020-08-31,"Bronx","9",1718,7446,113
2020-08-31,"Bronx","10",482,7446,113
2020-08-31,"Bronx","11",653,7446,113
2020-08-31,"Bronx","12",1766,7446,113
2020-08-31,"Bronx","Unknown CD",2991,7446,113
2020-08-31,"Brooklyn","1",360,7446,113
2020-08-31,"Brooklyn","2",405,7446,113
2020-08-31,"Brooklyn","3",1545,7446,113
2020-08-31,"Brooklyn","4",641,7446,113
2020-08-31,"Brooklyn","5",2122,7446,113
2020-08-31,"Brooklyn","6",257,7446,113
2020-08-31,"Brooklyn","7",173,7446,113
2020-08-31,"Brooklyn","8",699,7446,113
2020-08-31,"Brooklyn","9",572,7446,113
2020-08-31,"Brooklyn","10",119,7446,113
2020-08-31,"Brooklyn","11",181,7446,113
2020-08-31,"Brooklyn","12",142,7446,113
2020-08-31,"Brooklyn","13",407,7446,113
2020-08-31,"Brooklyn","14",472,7446,113
2020-08-31,"Brooklyn","15",149,7446,113
2020-08-31,"Brooklyn","16",1489,7446,113
2020-08-31,"Brooklyn","17",1083,7446,113
2020-08-31,"Brooklyn","18",771,7446,113
2020-08-31,"Brooklyn","Unknown CD",2290,7446,113
2020-08-31,"Manhattan","1",516,7446,113
2020-08-31,"Manhattan","2",36,7446,113
2020-08-31,"Manhattan","3",544,7446,113
2020-08-31,"Manhattan","4",304,7446,113
2020-08-31,"Manhattan","5",135,7446,113
2020-08-31,"Manhattan","6",143,7446,113
2020-08-31,"Manhattan","7",312,7446,113
2020-08-31,"Manhattan","8",104,7446,113
2020-08-31,"Manhattan","9",646,7446,113
2020-08-31,"Manhattan","10",1305,7446,113
2020-08-31,"Manhattan","11",1310,7446,113
2020-08-31,"Manhattan","12",633,7446,113
2020-08-31,"Manhattan","Unknown CD",3145,7446,113
2020-08-31,"Queens","1",710,7446,113
2020-08-31,"Queens","2",363,7446,113
2020-08-31,"Queens","3",290,7446,113
2020-08-31,"Queens","4",182,7446,113
2020-08-31,"Queens","5",195,7446,113
2020-08-31,"Queens","6",77,7446,113
2020-08-31,"Queens","7",187,7446,113
2020-08-31,"Queens","8",267,7446,113
2020-08-31,"Queens","9",294,7446,113
2020-08-31,"Queens","10",241,7446,113
2020-08-31,"Queens","11",28,7446,113
2020-08-31,"Queens","12",1530,7446,113
2020-08-31,"Queens","13",626,7446,113
2020-08-31,"Queens","14",952,7446,113
2020-08-31,"Queens","Unknown CD",1755,7446,113
2020-08-31,"Staten Island","1",749,7446,113
2020-08-31,"Staten Island","2",82,7446,113
2020-08-31,"Staten Island","3",49,7446,113
2020-08-31,"Staten Island","Unknown CD",132,7446,113
2020-09-30,"Bronx","1",1895,11100,119
2020-09-30,"Bronx","2",894,11100,119
2020-09-30,"Bronx","3",1874,11100,119
2020-09-30,"Bronx","4",1987,11100,119
2020-09-30,"Bronx","5",1797,11100,119
2020-09-30,"Bronx","6",1469,11100,119
2020-09-30,"Bronx","7",1236,11100,119
2020-09-30,"Bronx","8",280,11100,119
2020-09-30,"Bronx","9",1721,11100,119
2020-09-30,"Bronx","10",475,11100,119
2020-09-30,"Bronx","11",648,11100,119
2020-09-30,"Bronx","12",1738,11100,119
2020-09-30,"Bronx","Unknown CD",2979,11100,119
2020-09-30,"Brooklyn","1",352,11100,119
2020-09-30,"Brooklyn","2",405,11100,119
2020-09-30,"Brooklyn","3",1514,11100,119
2020-09-30,"Brooklyn","4",614,11100,119
2020-09-30,"Brooklyn","5",2067,11100,119
2020-09-30,"Brooklyn","6",270,11100,119
2020-09-30,"Brooklyn","7",172,11100,119
2020-09-30,"Brooklyn","8",710,11100,119
2020-09-30,"Brooklyn","9",557,11100,119
2020-09-30,"Brooklyn","10",116,11100,119
2020-09-30,"Brooklyn","11",174,11100,119
2020-09-30,"Brooklyn","12",144,11100,119
2020-09-30,"Brooklyn","13",419,11100,119
2020-09-30,"Brooklyn","14",438,11100,119
2020-09-30,"Brooklyn","15",145,11100,119
2020-09-30,"Brooklyn","16",1420,11100,119
2020-09-30,"Brooklyn","17",1051,11100,119
2020-09-30,"Brooklyn","18",731,11100,119
2020-09-30,"Brooklyn","Unknown CD",2311,11100,119
2020-09-30,"Manhattan","1",515,11100,119
2020-09-30,"Manhattan","2",37,11100,119
2020-09-30,"Manhattan","3",520,11100,119
2020-09-30,"Manhattan","4",305,11100,119
2020-09-30,"Manhattan","5",147,11100,119
2020-09-30,"Manhattan","6",139,11100,119
2020-09-30,"Manhattan","7",319,11100,119
2020-09-30,"Manhattan","8",104,11100,119
2020-09-30,"Manhattan","9",600,11100,119
2020-09-30,"Manhattan","10",1290,11100,119
2020-09-30,"Manhattan","11",1311,11100,119
2020-09-30,"Manhattan","12",607,11100,119
2020-09-30,"Manhattan","Unknown CD",3222,11100,119
2020-09-30,"Queens","1",721,11100,119
2020-09-30,"Queens","2",349,11100,119
2020-09-30,"Queens","3",282,11100,119
2020-09-30,"Queens","4",185,11100,119
2020-09-30,"Queens","5",194,11100,119
2020-09-30,"Queens","6",78,11100,119
2020-09-30,"Queens","7",195,11100,119
2020-09-30,"Queens","8",272,11100,119
2020-09-30,"Queens","9",276,11100,119
2020-09-30,"Queens","10",250,11100,119
2020-09-30,"Queens","11",24,11100,119
2020-09-30,"Queens","12",1528,11100,119
2020-09-30,"Queens","13",603,11100,119
2020-09-30,"Queens","14",963,11100,119
2020-09-30,"Queens","Unknown CD",1693,11100,119
2020-09-30,"Staten Island","1",730,11100,119
2020-09-30,"Staten Island","2",87,11100,119
2020-09-30,"Staten Island","3",47,11100,119
2020-09-30,"Staten Island","Unknown CD",131,11100,119
2020-10-31,"Bronx","1",1887,16926,158
2020-10-31,"Bronx","2",888,16926,158
2020-10-31,"Bronx","3",1842,16926,158
2020-10-31,"Bronx","4",1986,16926,158
2020-10-31,"Bronx","5",1801,16926,158
2020-10-31,"Bronx","6",1486,16926,158
2020-10-31,"Bronx","7",1192,16926,158
2020-10-31,"Bronx","8",286,16926,158
2020-10-31,"Bronx","9",1714,16926,158
2020-10-31,"Bronx","10",467,16926,158
2020-10-31,"Bronx","11",659,16926,158
2020-10-31,"Bronx","12",1743,16926,158
2020-10-31,"Bronx","Unknown CD",3087,16926,158
2020-10-31,"Brooklyn","1",341,16926,158
2020-10-31,"Brooklyn","2",365,16926,158
2020-10-31,"Brooklyn","3",1505,16926,158
2020-10-31,"Brooklyn","4",602,16926,158
2020-10-31,"Brooklyn","5",2041,16926,158
2020-10-31,"Brooklyn","6",259,16926,158
2020-10-31,"Brooklyn","7",175,16926,158
2020-10-31,"Brooklyn","8",712,16926,158
2020-10-31,"Brooklyn","9",561,16926,158
2020-10-31,"Brooklyn","10",110,16926,158
2020-10-31,"Brooklyn","11",171,16926,158
2020-10-31,"Brooklyn","12",140,16926,158
2020-10-31,"Brooklyn","13",399,16926,158
2020-10-31,"Brooklyn","14",417,16926,158
2020-10-31,"Brooklyn","15",137,16926,158
2020-10-31,"Brooklyn","16",1464,16926,158
2020-10-31,"Brooklyn","17",1094,16926,158
2020-10-31,"Brooklyn","18",724,16926,158
2020-10-31,"Brooklyn","Unknown CD",2320,16926,158
2020-10-31,"Manhattan","1",522,16926,158
2020-10-31,"Manhattan","2",35,16926,158
2020-10-31,"Manhattan","3",512,16926,158
2020-10-31,"Manhattan","4",299,16926,158
2020-10-31,"Manhattan","5",157,16926,158
2020-10-31,"Manhattan","6",141,16926,158
2020-10-31,"Manhattan","7",327,16926,158
2020-10-31,"Manhattan","8",106,16926,158
2020-10-31,"Manhattan","9",587,16926,158
2020-10-31,"Manhattan","10",1294,16926,158
2020-10-31,"Manhattan","11",1294,16926,158
2020-10-31,"Manhattan","12",613,16926,158
2020-10-31,"Manhattan","Unknown CD",3236,16926,158
2020-10-31,"Queens","1",702,16926,158
2020-10-31,"Queens","2",346,16926,158
2020-10-31,"Queens","3",289,16926,158
2020-10-31,"Queens","4",194,16926,158
2020-10-31,"Queens","5",179,16926,158
2020-10-31,"Queens","6",79,16926,158
2020-10-31,"Queens","7",195,16926,158
2020-10-31,"Queens","8",284,16926,158
2020-10-31,"Queens","9",275,16926,158
2020-10-31,"Queens","10",247,16926,158
2020-10-31,"Queens","11",20,16926,158
2020-10-31,"Queens","12",1557,16926,158
2020-10-31,"Queens","13",601,16926,158
2020-10-31,"Queens","14",981,16926,158
2020-10-31,"Queens","Unknown CD",1711,16926,158
2020-10-31,"Staten Island","1",708,16926,158
2020-10-31,"Staten Island","2",92,16926,158
2020-10-31,"Staten Island","3",52,16926,158
2020-10-31,"Staten Island","Unknown CD",139,16926,158
2020-11-30,"Bronx","1",1835,44750,328
2020-11-30,"Bronx","2",890,44750,328
2020-11-30,"Bronx","3",1784,44750,328
2020-11-30,"Bronx","4",1908,44750,328
2020-11-30,"Bronx","5",1784,44750,328
2020-11-30,"Bronx","6",1475,44750,328
2020-11-30,"Bronx","7",1183,44750,328
2020-11-30,"Bronx","8",277,44750,328
2020-11-30,"Bronx","9",1721,44750,328
2020-11-30,"Bronx","10",470,44750,328
2020-11-30,"Bronx","11",654,44750,328
2020-11-30,"Bronx","12",1679,44750,328
2020-11-30,"Bronx","Unknown CD",3075,44750,328
2020-11-30,"Brooklyn","1",338,44750,328
2020-11-30,"Brooklyn","2",384,44750,328
2020-11-30,"Brooklyn","3",1501,44750,328
2020-11-30,"Brooklyn","4",572,44750,328
2020-11-30,"Brooklyn","5",2042,44750,328
2020-11-30,"Brooklyn","6",256,44750,328
2020-11-30,"Brooklyn","7",178,44750,328
2020-11-30,"Brooklyn","8",702,44750,328
2020-11-30,"Brooklyn","9",566,44750,328
2020-11-30,"Brooklyn","10",120,44750,328
2020-11-30,"Brooklyn","11",175,44750,328
2020-11-30,"Brooklyn","12",131,44750,328
2020-11-30,"Brooklyn","13",410,44750,328
2020-11-30,"Brooklyn","14",409,44750,328
2020-11-30,"Brooklyn","15",137,44750,328
2020-11-30,"Brooklyn","16",1466,44750,328
2020-11-30,"Brooklyn","17",1049,44750,328
2020-11-30,"Brooklyn","18",682,44750,328
2020-11-30,"Brooklyn","Unknown CD",2315,44750,328
2020-11-30,"Manhattan","1",566,44750,328
2020-11-30,"Manhattan","2",35,44750,328
2020-11-30,"Manhattan","3",521,44750,328
2020-11-30,"Manhattan","4",305,44750,328
2020-11-30,"Manhattan","5",169,44750,328
2020-11-30,"Manhattan","6",140,44750,328
2020-11-30,"Manhattan","7",327,44750,328
2020-11-30,"Manhattan","8",110,44750,328
2020-11-30,"Manhattan","9",572,44750,328
2020-11-30,"Manhattan","10",1278,44750,328
2020-11-30,"Manhattan","11",1303,44750,328
2020-11-30,"Manhattan","12",612,44750,328
2020-11-30,"Manhattan","Unknown CD",3290,44750,328
2020-11-30,"Queens","1",683,44750,328
2020-11-30,"Queens","2",341,44750,328
2020-11-30,"Queens","3",280,44750,328
2020-11-30,"Queens","4",188,44750,328
2020-11-30,"Queens","5",189,44750,328
2020-11-30,"Queens","6",80,44750,328
2020-11-30,"Queens","7",204,44750,328
2020-11-30,"Queens","8",276,44750,328
2020-11-30,"Queens","9",272,44750,328
2020-11-30,"Queens","10",232,44750,328
2020-11-30,"Queens","11",21,44750,328
2020-11-30,"Queens","12",1524,44750,328
2020-11-30,"Queens","13",579,44750,328
2020-11-30,"Queens","14",941,44750,328
2020-11-30,"Queens","Unknown CD",1674,44750,328
2020-11-30,"Staten Island","1",691,44750,328
2020-11-30,"Staten Island","2",79,44750,328
2020-11-30,"Staten Island","3",50,44750,328
2020-11-30,"Staten Island","Unknown CD",129,44750,328
2020-12-31,"Bronx","1",1839,97760,1019
2020-12-31,"Bronx","2",887,97760,1019
2020-12-31,"Bronx","3",1712,97760,1019
2020-12-31,"Bronx","4",1832,97760,1019
2020-12-31,"Bronx","5",1773,97760,1019
2020-12-31,"Bronx","6",1441,97760,1019
2020-12-31,"Bronx","7",1156,97760,1019
2020-12-31,"Bronx","8",273,97760,1019
2020-12-31,"Bronx","9",1726,97760,1019
2020-12-31,"Bronx","10",436,97760,1019
2020-12-31,"Bronx","11",672,97760,1019
2020-12-31,"Bronx","12",1673,97760,1019
2020-12-31,"Bronx","Unknown CD",3110,97760,1019
2020-12-31,"Brooklyn","1",336,97760,1019
2020-12-31,"Brooklyn","2",381,97760,1019
2020-12-31,"Brooklyn","3",1449,97760,1019
2020-12-31,"Brooklyn","4",558,97760,1019
2020-12-31,"Brooklyn","5",1933,97760,1019
2020-12-31,"Brooklyn","6",244,97760,1019
2020-12-31,"Brooklyn","7",168,97760,1019
2020-12-31,"Brooklyn","8",671,97760,1019
2020-12-31,"Brooklyn","9",552,97760,1019
2020-12-31,"Brooklyn","10",117,97760,1019
2020-12-31,"Brooklyn","11",175,97760,1019
2020-12-31,"Brooklyn","12",143,97760,1019
2020-12-31,"Brooklyn","13",403,97760,1019
2020-12-31,"Brooklyn","14",419,97760,1019
2020-12-31,"Brooklyn","15",133,97760,1019
2020-12-31,"Brooklyn","16",1423,97760,1019
2020-12-31,"Brooklyn","17",1032,97760,1019
2020-12-31,"Brooklyn","18",692,97760,1019
2020-12-31,"Brooklyn","Unknown CD",2268,97760,1019
2020-12-31,"Manhattan","1",563,97760,1019
2020-12-31,"Manhattan","2",44,97760,1019
2020-12-31,"Manhattan","3",527,97760,1019
2020-12-31,"Manhattan","4",296,97760,1019
2020-12-31,"Manhattan","5",168,97760,1019
2020-12-31,"Manhattan","6",147,97760,1019
2020-12-31,"Manhattan","7",311,97760,1019
2020-12-31,"Manhattan","8",108,97760,1019
2020-12-31,"Manhattan","9",554,97760,1019
2020-12-31,"Manhattan","10",1281,97760,1019
2020-12-31,"Manhattan","11",1277,97760,1019
2020-12-31,"Manhattan","12",635,97760,1019
2020-12-31,"Manhattan","Unknown CD",3355,97760,1019
2020-12-31,"Queens","1",655,97760,1019
2020-12-31,"Queens","2",336,97760,1019
2020-12-31,"Queens","3",277,97760,1019
2020-12-31,"Queens","4",187,97760,1019
2020-12-31,"Queens","5",200,97760,1019
2020-12-31,"Queens","6",72,97760,1019
2020-12-31,"Queens","7",200,97760,1019
2020-12-31,"Queens","8",272,97760,1019
2020-12-31,"Queens","9",254,97760,1019
2020-12-31,"Queens","10",223,97760,1019
2020-12-31,"Queens","11",22,97760,1019
2020-12-31,"Queens","12",1500,97760,1019
2020-12-31,"Queens","13",549,97760,1019
2020-12-31,"Queens","14",927,97760,1019
2020-12-31,"Queens","Unknown CD",1631,97760,1019
2020-12-31,"Staten Island","1",666,97760,1019
2020-12-31,"Staten Island","2",73,97760,1019
2020-12-31,"Staten Island","3",50,97760,1019
2020-12-31,"Staten Island","Unknown CD",144,97760,1019
2021-01-31,"Bronx","1",1838,137630,2074
2021-01-31,"Bronx","2",898,137630,2074
2021-01-31,"Bronx","3",1664,137630,2074
2021-01-31,"Bronx","4",1813,137630,2074
2021-01-31,"Bronx","5",1770,137630,2074
2021-01-31,"Bronx","6",1422,137630,2074
2021-01-31,"Bronx","7",1145,137630,2074
2021-01-31,"Bronx","8",264,137630,2074
2021-01-31,"Bronx","9",1661,137630,2074
2021-01-31,"Bronx","10",414,137630,2074
2021-01-31,"Bronx","11",646,137630,2074
2021-01-31,"Bronx","12",1600,137630,2074
2021-01-31,"Bronx","Unknown CD",3200,137630,2074
2021-01-31,"Brooklyn","1",341,137630,2074
2021-01-31,"Brooklyn","2",373,137630,2074
2021-01-31,"Brooklyn","3",1385,137630,2074
2021-01-31,"Brooklyn","4",577,137630,2074
2021-01-31,"Brooklyn","5",1924,137630,2074
2021-01-31,"Brooklyn","6",267,137630,2074
2021-01-31,"Brooklyn","7",181,137630,2074
2021-01-31,"Brooklyn","8",666,137630,2074
2021-01-31,"Brooklyn","9",533,137630,2074
2021-01-31,"Brooklyn","10",118,137630,2074
2021-01-31,"Brooklyn","11",169,137630,2074
2021-01-31,"Brooklyn","12",147,137630,2074
2021-01-31,"Brooklyn","13",378,137630,2074
2021-01-31,"Brooklyn","14",422,137630,2074
2021-01-31,"Brooklyn","15",134,137630,2074
2021-01-31,"Brooklyn","16",1379,137630,2074
2021-01-31,"Brooklyn","17",1021,137630,2074
2021-01-31,"Brooklyn","18",686,137630,2074
2021-01-31,"Brooklyn","Unknown CD",2243,137630,2074
2021-01-31,"Manhattan","1",607,137630,2074
2021-01-31,"Manhattan","2",41,137630,2074
2021-01-31,"Manhattan","3",538,137630,2074
2021-01-31,"Manhattan","4",288,137630,2074
2021-01-31,"Manhattan","5",151,137630,2074
2021-01-31,"Manhattan","6",138,137630,2074
2021-01-31,"Manhattan","7",321,137630,2074
2021-01-31,"Manhattan","8",113,137630,2074
2021-01-31,"Manhattan","9",566,137630,2074
2021-01-31,"Manhattan","10",1291,137630,2074
2021-01-31,"Manhattan","11",1262,137630,2074
2021-01-31,"Manhattan","12",617,137630,2074
2021-01-31,"Manhattan","Unknown CD",3431,137630,2074
2021-01-31,"Queens","1",667,137630,2074
2021-01-31,"Queens","2",322,137630,2074
2021-01-31,"Queens","3",283,137630,2074
2021-01-31,"Queens","4",198,137630,2074
2021-01-31,"Queens","5",195,137630,2074
2021-01-31,"Queens","6",66,137630,2074
2021-01-31,"Queens","7",199,137630,2074
2021-01-31,"Queens","8",270,137630,2074
2021-01-31,"Queens","9",273,137630,2074
2021-01-31,"Queens","10",231,137630,2074
2021-01-31,"Queens","11",26,137630,2074
2021-01-31,"Queens","12",1469,137630,2074
2021-01-31,"Queens","13",539,137630,2074
2021-01-31,"Queens","14",932,137630,2074
2021-01-31,"Queens","Unknown CD",1633,137630,2074
2021-01-31,"Staten Island","1",679,137630,2074
2021-01-31,"Staten Island","2",75,137630,2074
2021-01-31,"Staten Island","3",46,137630,2074
2021-01-31,"Staten Island","Unknown CD",145,137630,2074
2021-02-28,"Bronx","1",1818,86478,2104
2021-02-28,"Bronx","2",875,86478,2104
2021-02-28,"Bronx","3",1653,86478,2104
2021-02-28,"Bronx","4",1811,86478,2104
2021-02-28,"Bronx","5",1738,86478,2104
2021-02-28,"Bronx","6",1359,86478,2104
2021-02-28,"Bronx","7",1125,86478,2104
2021-02-28,"Bronx","8",256,86478,2104
2021-02-28,"Bronx","9",1619,86478,2104
2021-02-28,"Bronx","10",408,86478,2104
2021-02-28,"Bronx","11",641,86478,2104
2021-02-28,"Bronx","12",1571,86478,2104
2021-02-28,"Bronx","Unknown CD",3216,86478,2104
2021-02-28,"Brooklyn","1",340,86478,2104
2021-02-28,"Brooklyn","2",381,86478,2104
2021-02-28,"Brooklyn","3",1371,86478,2104
2021-02-28,"Brooklyn","4",565,86478,2104
2021-02-28,"Brooklyn","5",1871,86478,2104
2021-02-28,"Brooklyn","6",272,86478,2104
2021-02-28,"Brooklyn","7",189,86478,2104
2021-02-28,"Brooklyn","8",639,86478,2104
2021-02-28,"Brooklyn","9",546,86478,2104
2021-02-28,"Brooklyn","10",107,86478,2104
2021-02-28,"Brooklyn","11",174,86478,2104
2021-02-28,"Brooklyn","12",138,86478,2104
2021-02-28,"Brooklyn","13",393,86478,2104
2021-02-28,"Brooklyn","14",412,86478,2104
2021-02-28,"Brooklyn","15",134,86478,2104
2021-02-28,"Brooklyn","16",1384,86478,2104
2021-02-28,"Brooklyn","17",1014,86478,2104
2021-02-28,"Brooklyn","18",677,86478,2104
2021-02-28,"Brooklyn","Unknown CD",2246,86478,2104
2021-02-28,"Manhattan","1",586,86478,2104
2021-02-28,"Manhattan","2",37,86478,2104
2021-02-28,"Manhattan","3",540,86478,2104
2021-02-28,"Manhattan","4",297,86478,2104
2021-02-28,"Manhattan","5",159,86478,2104
2021-02-28,"Manhattan","6",123,86478,2104
2021-02-28,"Manhattan","7",317,86478,2104
2021-02-28,"Manhattan","8",113,86478,2104
2021-02-28,"Manhattan","9",548,86478,2104
2021-02-28,"Manhattan","10",1254,86478,2104
2021-02-28,"Manhattan","11",1305,86478,2104
2021-02-28,"Manhattan","12",625,86478,2104
2021-02-28,"Manhattan","Unknown CD",3413,86478,2104
2021-02-28,"Queens","1",663,86478,2104
2021-02-28,"Queens","2",310,86478,2104
2021-02-28,"Queens","3",271,86478,2104
2021-02-28,"Queens","4",187,86478,2104
2021-02-28,"Queens","5",198,86478,2104
2021-02-28,"Queens","6",59,86478,2104
2021-02-28,"Queens","7",199,86478,2104
2021-02-28,"Queens","8",261,86478,2104
2021-02-28,"Queens","9",273,86478,2104
2021-02-28,"Queens","10",219,86478,2104
2021-02-28,"Queens","11",20,86478,2104
2021-02-28,"Queens","12",1427,86478,2104
2021-02-28,"Queens","13",525,86478,2104
2021-02-28,"Queens","14",897,86478,2104
2021-02-28,"Queens","Unknown CD",1604,86478,2104
2021-02-28,"Staten Island","1",635,86478,2104
2021-02-28,"Staten Island","2",77,86478,2104
2021-02-28,"Staten Island","3",48,86478,2104
2021-02-28,"Staten Island","Unknown CD",142,86478,2104
2021-03-31,"Bronx","1",1726,92039,1752
2021-03-31,"Bronx","2",845,92039,1752
2021-03-31,"Bronx","3",1636,92039,1752
2021-03-31,"Bronx","4",1767,92039,1752
2021-03-31,"Bronx","5",1666,92039,1752
2021-03-31,"Bronx","6",1347,92039,1752
2021-03-31,"Bronx","7",1084,92039,1752
2021-03-31,"Bronx","8",277,92039,1752
2021-03-31,"Bronx","9",1563,92039,1752
2021-03-31,"Bronx","10",384,92039,1752
2021-03-31,"Bronx","11",635,92039,1752
2021-03-31,"Bronx","12",1508,92039,1752
2021-03-31,"Bronx","Unknown CD",3121,92039,1752
2021-03-31,"Brooklyn","1",353,92039,1752
2021-03-31,"Brooklyn","2",369,92039,1752
2021-03-31,"Brooklyn","3",1384,92039,1752
2021-03-31,"Brooklyn","4",518,92039,1752
2021-03-31,"Brooklyn","5",1818,92039,1752
2021-03-31,"Brooklyn","6",279,92039,1752
2021-03-31,"Brooklyn","7",165,92039,1752
2021-03-31,"Brooklyn","8",638,92039,1752
2021-03-31,"Brooklyn","9",535,92039,1752
2021-03-31,"Brooklyn","10",102,92039,1752
2021-03-31,"Brooklyn","11",165,92039,1752
2021-03-31,"Brooklyn","12",134,92039,1752
2021-03-31,"Brooklyn","13",373,92039,1752
2021-03-31,"Brooklyn","14",397,92039,1752
2021-03-31,"Brooklyn","15",135,92039,1752
2021-03-31,"Brooklyn","16",1317,92039,1752
2021-03-31,"Brooklyn","17",976,92039,1752
2021-03-31,"Brooklyn","18",679,92039,1752
2021-03-31,"Brooklyn","Unknown CD",2233,92039,1752
2021-03-31,"Manhattan","1",595,92039,1752
2021-03-31,"Manhattan","2",30,92039,1752
2021-03-31,"Manhattan","3",526,92039,1752
2021-03-31,"Manhattan","4",281,92039,1752
2021-03-31,"Manhattan","5",149,92039,1752
2021-03-31,"Manhattan","6",139,92039,1752
2021-03-31,"Manhattan","7",316,92039,1752
2021-03-31,"Manhattan","8",109,92039,1752
2021-03-31,"Manhattan","9",502,92039,1752
2021-03-31,"Manhattan","10",1210,92039,1752
2021-03-31,"Manhattan","11",1267,92039,1752
2021-03-31,"Manhattan","12",634,92039,1752
2021-03-31,"Manhattan","Unknown CD",3380,92039,1752
2021-03-31,"Queens","1",666,92039,1752
2021-03-31,"Queens","2",301,92039,1752
2021-03-31,"Queens","3",245,92039,1752
2021-03-31,"Queens","4",181,92039,1752
2021-03-31,"Queens","5",193,92039,1752
2021-03-31,"Queens","6",58,92039,1752
2021-03-31,"Queens","7",207,92039,1752
2021-03-31,"Queens","8",245,92039,1752
2021-03-31,"Queens","9",262,92039,1752
2021-03-31,"Queens","10",221,92039,1752
2021-03-31,"Queens","11",17,92039,1752
2021-03-31,"Queens","12",1434,92039,1752
2021-03-31,"Queens","13",492,92039,1752
2021-03-31,"Queens","14",867,92039,1752
2021-03-31,"Queens","Unknown CD",1551,92039,1752
2021-03-31,"Staten Island","1",611,92039,1752
2021-03-31,"Staten Island","2",75,92039,1752
2021-03-31,"Staten Island","3",47,92039,1752
2021-03-31,"Staten Island","Unknown CD",130,92039,1752
2021-04-30,"Bronx","1",1720,54334,1224
2021-04-30,"Bronx","2",823,54334,1224
2021-04-30,"Bronx","3",1629,54334,1224
2021-04-30,"Bronx","4",1678,54334,1224
2021-04-30,"Bronx","5",1584,54334,1224
2021-04-30,"Bronx","6",1293,54334,1224
2021-04-30,"Bronx","7",1044,54334,1224
2021-04-30,"Bronx","8",254,54334,1224
2021-04-30,"Bronx","9",1509,54334,1224
2021-04-30,"Bronx","10",376,54334,1224
2021-04-30,"Bronx","11",631,54334,1224
2021-04-30,"Bronx","12",1469,54334,1224
2021-04-30,"Bronx","Unknown CD",3014,54334,1224
2021-04-30,"Brooklyn","1",332,54334,1224
2021-04-30,"Brooklyn","2",350,54334,1224
2021-04-30,"Brooklyn","3",1355,54334,1224
2021-04-30,"Brooklyn","4",505,54334,1224
2021-04-30,"Brooklyn","5",1742,54334,1224
2021-04-30,"Brooklyn","6",264,54334,1224
2021-04-30,"Brooklyn","7",168,54334,1224
2021-04-30,"Brooklyn","8",621,54334,1224
2021-04-30,"Brooklyn","9",493,54334,1224
2021-04-30,"Brooklyn","10",94,54334,1224
2021-04-30,"Brooklyn","11",157,54334,1224
2021-04-30,"Brooklyn","12",149,54334,1224
2021-04-30,"Brooklyn","13",382,54334,1224
2021-04-30,"Brooklyn","14",392,54334,1224
2021-04-30,"Brooklyn","15",119,54334,1224
2021-04-30,"Brooklyn","16",1248,54334,1224
2021-04-30,"Brooklyn","17",952,54334,1224
2021-04-30,"Brooklyn","18",670,54334,1224
2021-04-30,"Brooklyn","Unknown CD",2249,54334,1224
2021-04-30,"Manhattan","1",599,54334,1224
2021-04-30,"Manhattan","2",29,54334,1224
2021-04-30,"Manhattan","3",547,54334,1224
2021-04-30,"Manhattan","4",275,54334,1224
2021-04-30,"Manhattan","5",145,54334,1224
2021-04-30,"Manhattan","6",130,54334,1224
2021-04-30,"Manhattan","7",307,54334,1224
2021-04-30,"Manhattan","8",100,54334,1224
2021-04-30,"Manhattan","9",480,54334,1224
2021-04-30,"Manhattan","10",1146,54334,1224
2021-04-30,"Manhattan","11",1216,54334,1224
2021-04-30,"Manhattan","12",599,54334,1224
2021-04-30,"Manhattan","Unknown CD",3320,54334,1224
2021-04-30,"Queens","1",636,54334,1224
2021-04-30,"Queens","2",291,54334,1224
2021-04-30,"Queens","3",246,54334,1224
2021-04-30,"Queens","4",184,54334,1224
2021-04-30,"Queens","5",181,54334,1224
2021-04-30,"Queens","6",54,54334,1224
2021-04-30,"Queens","7",194,54334,1224
2021-04-30,"Queens","8",247,54334,1224
2021-04-30,"Queens","9",273,54334,1224
2021-04-30,"Queens","10",208,54334,1224
2021-04-30,"Queens","11",19,54334,1224
2021-04-30,"Queens","12",1404,54334,1224
2021-04-30,"Queens","13",495,54334,1224
2021-04-30,"Queens","14",865,54334,1224
2021-04-30,"Queens","Unknown CD",1494,54334,1224
2021-04-30,"Staten Island","1",601,54334,1224
2021-04-30,"Staten Island","2",70,54334,1224
2021-04-30,"Staten Island","3",44,54334,1224
2021-04-30,"Staten Island","Unknown CD",135,54334,1224
2021-05-31,"Bronx","1",1676,13568,566
2021-05-31,"Bronx","2",775,13568,566
2021-05-31,"Bronx","3",1576,13568,566
2021-05-31,"Bronx","4",1665,13568,566
2021-05-31,"Bronx","5",1593,13568,566
2021-05-31,"Bronx","6",1274,13568,566
2021-05-31,"Bronx","7",1033,13568,566
2021-05-31,"Bronx","8",257,13568,566
2021-05-31,"Bronx","9",1498,13568,566
2021-05-31,"Bronx","10",357,13568,566
2021-05-31,"Bronx","11",636,13568,566
2021-05-31,"Bronx","12",1377,13568,566
2021-05-31,"Bronx","Unknown CD",2899,13568,566
2021-05-31,"Brooklyn","1",341,13568,566
2021-05-31,"Brooklyn","2",341,13568,566
2021-05-31,"Brooklyn","3",1313,13568,566
2021-05-31,"Brooklyn","4",513,13568,566
2021-05-31,"Brooklyn","5",1678,13568,566
2021-05-31,"Brooklyn","6",255,13568,566
2021-05-31,"Brooklyn","7",164,13568,566
2021-05-31,"Brooklyn","8",611,13568,566
2021-05-31,"Brooklyn","9",473,13568,566
2021-05-31,"Brooklyn","10",89,13568,566
2021-05-31,"Brooklyn","11",162,13568,566
2021-05-31,"Brooklyn","12",131,13568,566
2021-05-31,"Brooklyn","13",404,13568,566
2021-05-31,"Brooklyn","14",396,13568,566
2021-05-31,"Brooklyn","15",120,13568,566
2021-05-31,"Brooklyn","16",1250,13568,566
2021-05-31,"Brooklyn","17",959,13568,566
2021-05-31,"Brooklyn","18",626,13568,566
2021-05-31,"Brooklyn","Unknown CD",2167,13568,566
2021-05-31,"Manhattan","1",534,13568,566
2021-05-31,"Manhattan","2",26,13568,566
2021-05-31,"Manhattan","3",549,13568,566
2021-05-31,"Manhattan","4",267,13568,566
2021-05-31,"Manhattan","5",141,13568,566
2021-05-31,"Manhattan","6",129,13568,566
2021-05-31,"Manhattan","7",287,13568,566
2021-05-31,"Manhattan","8",86,13568,566
2021-05-31,"Manhattan","9",489,13568,566
2021-05-31,"Manhattan","10",1115,13568,566
2021-05-31,"Manhattan","11",1172,13568,566
2021-05-31,"Manhattan","12",595,13568,566
2021-05-31,"Manhattan","Unknown CD",3395,13568,566
2021-05-31,"Queens","1",618,13568,566
2021-05-31,"Queens","2",289,13568,566
2021-05-31,"Queens","3",265,13568,566
2021-05-31,"Queens","4",177,13568,566
2021-05-31,"Queens","5",179,13568,566
2021-05-31,"Queens","6",53,13568,566
2021-05-31,"Queens","7",187,13568,566
2021-05-31,"Queens","8",240,13568,566
2021-05-31,"Queens","9",250,13568,566
2021-05-31,"Queens","10",204,13568,566
2021-05-31,"Queens","11",16,13568,566
2021-05-31,"Queens","12",1348,13568,566
2021-05-31,"Queens","13",482,13568,566
2021-05-31,"Queens","14",806,13568,566
2021-05-31,"Queens","Unknown CD",1377,13568,566
2021-05-31,"Staten Island","1",557,13568,566
2021-05-31,"Staten Island","2",74,13568,566
2021-05-31,"Staten Island","3",44,13568,566
2021-05-31,"Staten Island","Unknown CD",125,13568,566
2021-06-30,"Bronx","1",1689,5263,196
2021-06-30,"Bronx","2",762,5263,196
2021-06-30,"Bronx","3",1524,5263,196
2021-06-30,"Bronx","4",1630,5263,196
2021-06-30,"Bronx","5",1556,5263,196
2021-06-30,"Bronx","6",1256,5263,196
2021-06-30,"Bronx","7",986,5263,196
2021-06-30,"Bronx","8",239,5263,196
2021-06-30,"Bronx","9",1477,5263,196
2021-06-30,"Bronx","10",358,5263,196
2021-06-30,"Bronx","11",626,5263,196
2021-06-30,"Bronx","12",1332,5263,196
2021-06-30,"Bronx","Unknown CD",2910,5263,196
2021-06-30,"Brooklyn","1",333,5263,196
2021-06-30,"Brooklyn","2",330,5263,196
2021-06-30,"Brooklyn","3",1258,5263,196
2021-06-30,"Brooklyn","4",510,5263,196
2021-06-30,"Brooklyn","5",1656,5263,196
2021-06-30,"Brooklyn","6",257,5263,196
2021-06-30,"Brooklyn","7",158,5263,196
2021-06-30,"Brooklyn","8",577,5263,196
2021-06-30,"Brooklyn","9",459,5263,196
2021-06-30,"Brooklyn","10",94,5263,196
2021-06-30,"Brooklyn","11",169,5263,196
2021-06-30,"Brooklyn","12",129,5263,196
2021-06-30,"Brooklyn","13",390,5263,196
2021-06-30,"Brooklyn","14",382,5263,196
2021-06-30,"Brooklyn","15",120,5263,196
2021-06-30,"Brooklyn","16",1192,5263,196
2021-06-30,"Brooklyn","17",947,5263,196
2021-06-30,"Brooklyn","18",613,5263,196
2021-06-30,"Brooklyn","Unknown CD",2090,5263,196
2021-06-30,"Manhattan","1",547,5263,196
2021-06-30,"Manhattan","2",22,5263,196
2021-06-30,"Manhattan","3",518,5263,196
2021-06-30,"Manhattan","4",243,5263,196
2021-06-30,"Manhattan","5",150,5263,196
2021-06-30,"Manhattan","6",130,5263,196
2021-06-30,"Manhattan","7",268,5263,196
2021-06-30,"Manhattan","8",77,5263,196
2021-06-30,"Manhattan","9",454,5263,196
2021-06-30,"Manhattan","10",1072,5263,196
2021-06-30,"Manhattan","11",1162,5263,196
2021-06-30,"Manhattan","12",591,5263,196
2021-06-30,"Manhattan","Unknown CD",3189,5263,196
2021-06-30,"Queens","1",597,5263,196
2021-06-30,"Queens","2",279,5263,196
2021-06-30,"Queens","3",253,5263,196
2021-06-30,"Queens","4",167,5263,196
2021-06-30,"Queens","5",180,5263,196
2021-06-30,"Queens","6",55,5263,196
2021-06-30,"Queens","7",190,5263,196
2021-06-30,"Queens","8",219,5263,196
2021-06-30,"Queens","9",248,5263,196
2021-06-30,"Queens","10",178,5263,196
2021-06-30,"Queens","11",16,5263,196
2021-06-30,"Queens","12",1314,5263,196
2021-06-30,"Queens","13",458,5263,196
2021-06-30,"Queens","14",784,5263,196
2021-06-30,"Queens","Unknown CD",1368,5263,196
2021-06-30,"Staten Island","1",547,5263,196
2021-06-30,"Staten Island","2",69,5263,196
2021-06-30,"Staten Island","3",33,5263,196
2021-06-30,"Staten Island","Unknown CD",126,5263,196
2021-07-31,"Bronx","1",1608,18792,119
2021-07-31,"Bronx","2",733,18792,119
2021-07-31,"Bronx","3",1436,18792,119
2021-07-31,"Bronx","4",1478,18792,119
2021-07-31,"Bronx","5",1425,18792,119
2021-07-31,"Bronx","6",1196,18792,119
2021-07-31,"Bronx","7",918,18792,119
2021-07-31,"Bronx","8",247,18792,119
2021-07-31,"Bronx","9",1376,18792,119
2021-07-31,"Bronx","10",331,18792,119
2021-07-31,"Bronx","11",564,18792,119
2021-07-31,"Bronx","12",1238,18792,119
2021-07-31,"Bronx","Unknown CD",2683,18792,119
2021-07-31,"Brooklyn","1",318,18792,119
2021-07-31,"Brooklyn","2",305,18792,119
2021-07-31,"Brooklyn","3",1196,18792,119
2021-07-31,"Brooklyn","4",485,18792,119
2021-07-31,"Brooklyn","5",1577,18792,119
2021-07-31,"Brooklyn","6",228,18792,119
2021-07-31,"Brooklyn","7",150,18792,119
2021-07-31,"Brooklyn","8",577,18792,119
2021-07-31,"Brooklyn","9",462,18792,119
2021-07-31,"Brooklyn","10",94,18792,119
2021-07-31,"Brooklyn","11",161,18792,119
2021-07-31,"Brooklyn","12",117,18792,119
2021-07-31,"Brooklyn","13",391,18792,119
2021-07-31,"Brooklyn","14",391,18792,119
2021-07-31,"Brooklyn","15",124,18792,119
2021-07-31,"Brooklyn","16",1188,18792,119
2021-07-31,"Brooklyn","17",894,18792,119
2021-07-31,"Brooklyn","18",589,18792,119
2021-07-31,"Brooklyn","Unknown CD",2008,18792,119
2021-07-31,"Manhattan","1",549,18792,119
2021-07-31,"Manhattan","2",23,18792,119
2021-07-31,"Manhattan","3",494,18792,119
2021-07-31,"Manhattan","4",222,18792,119
2021-07-31,"Manhattan","5",152,18792,119
2021-07-31,"Manhattan","6",133,18792,119
2021-07-31,"Manhattan","7",262,18792,119
2021-07-31,"Manhattan","8",74,18792,119
2021-07-31,"Manhattan","9",458,18792,119
2021-07-31,"Manhattan","10",981,18792,119
2021-07-31,"Manhattan","11",1112,18792,119
2021-07-31,"Manhattan","12",530,18792,119
2021-07-31,"Manhattan","Unknown CD",3038,18792,119
2021-07-31,"Queens","1",578,18792,119
2021-07-31,"Queens","2",265,18792,119
2021-07-31,"Queens","3",240,18792,119
2021-07-31,"Queens","4",170,18792,119
2021-07-31,"Queens","5",171,18792,119
2021-07-31,"Queens","6",45,18792,119
2021-07-31,"Queens","7",181,18792,119
2021-07-31,"Queens","8",211,18792,119
2021-07-31,"Queens","9",252,18792,119
2021-07-31,"Queens","10",196,18792,119
2021-07-31,"Queens","11",14,18792,119
2021-07-31,"Queens","12",1278,18792,119
2021-07-31,"Queens","13",458,18792,119
2021-07-31,"Queens","14",735,18792,119
2021-07-31,"Queens","Unknown CD",1345,18792,119
2021-07-31,"Staten Island","1",530,18792,119
2021-07-31,"Staten Island","2",61,18792,119
2021-07-31,"Staten Island","3",34,18792,119
2021-07-31,"Staten Island","Unknown CD",111,18792,119
2021-08-31,"Bronx","1",1630,46406,303
2021-08-31,"Bronx","2",715,46406,303
2021-08-31,"Bronx","3",1417,46406,303
2021-08-31,"Bronx","4",1449,46406,303
2021-08-31,"Bronx","5",1410,46406,303
2021-08-31,"Bronx","6",1151,46406,303
2021-08-31,"Bronx","7",937,46406,303
2021-08-31,"Bronx","8",252,46406,303
2021-08-31,"Bronx","9",1364,46406,303
2021-08-31,"Bronx","10",340,46406,303
2021-08-31,"Bronx","11",559,46406,303
2021-08-31,"Bronx","12",1212,46406,303
2021-08-31,"Bronx","Unknown CD",2711,46406,303
2021-08-31,"Brooklyn","1",320,46406,303
2021-08-31,"Brooklyn","2",294,46406,303
2021-08-31,"Brooklyn","3",1198,46406,303
2021-08-31,"Brooklyn","4",516,46406,303
2021-08-31,"Brooklyn","5",1638,46406,303
2021-08-31,"Brooklyn","6",237,46406,303
2021-08-31,"Brooklyn","7",159,46406,303
2021-08-31,"Brooklyn","8",585,46406,303
2021-08-31,"Brooklyn","9",462,46406,303
2021-08-31,"Brooklyn","10",82,46406,303
2021-08-31,"Brooklyn","11",164,46406,303
2021-08-31,"Brooklyn","12",124,46406,303
2021-08-31,"Brooklyn","13",373,46406,303
2021-08-31,"Brooklyn","14",411,46406,303
2021-08-31,"Brooklyn","15",113,46406,303
2021-08-31,"Brooklyn","16",1194,46406,303
2021-08-31,"Brooklyn","17",883,46406,303
2021-08-31,"Brooklyn","18",587,46406,303
2021-08-31,"Brooklyn","Unknown CD",2014,46406,303
2021-08-31,"Manhattan","1",584,46406,303
2021-08-31,"Manhattan","2",24,46406,303
2021-08-31,"Manhattan","3",500,46406,303
2021-08-31,"Manhattan","4",217,46406,303
2021-08-31,"Manhattan","5",148,46406,303
2021-08-31,"Manhattan","6",127,46406,303
2021-08-31,"Manhattan","7",262,46406,303
2021-08-31,"Manhattan","8",79,46406,303
2021-08-31,"Manhattan","9",434,46406,303
2021-08-31,"Manhattan","10",964,46406,303
2021-08-31,"Manhattan","11",1110,46406,303
2021-08-31,"Manhattan","12",545,46406,303
2021-08-31,"Manhattan","Unknown CD",3127,46406,303
2021-08-31,"Queens","1",567,46406,303
2021-08-31,"Queens","2",262,46406,303
2021-08-31,"Queens","3",225,46406,303
2021-08-31,"Queens","4",165,46406,303
2021-08-31,"Queens","5",185,46406,303
2021-08-31,"Queens","6",47,46406,303
2021-08-31,"Queens","7",178,46406,303
2021-08-31,"Queens","8",207,46406,303
2021-08-31,"Queens","9",243,46406,303
2021-08-31,"Queens","10",188,46406,303
2021-08-31,"Queens","11",17,46406,303
2021-08-31,"Queens","12",1243,46406,303
2021-08-31,"Queens","13",435,46406,303
2021-08-31,"Queens","14",711,46406,303
2021-08-31,"Queens","Unknown CD",1300,46406,303
2021-08-31,"Staten Island","1",535,46406,303
2021-08-31,"Staten Island","2",58,46406,303
2021-08-31,"Staten Island","3",31,46406,303
2021-08-31,"Staten Island","Unknown CD",119,46406,303
2021-09-30,"Bronx","1",1644,39069,385
2021-09-30,"Bronx","2",791,39069,385
2021-09-30,"Bronx","3",1432,39069,385
2021-09-30,"Bronx","4",1468,39069,385
2021-09-30,"Bronx","5",1441,39069,385
2021-09-30,"Bronx","6",1181,39069,385
2021-09-30,"Bronx","7",974,39069,385
2021-09-30,"Bronx","8",247,39069,385
2021-09-30,"Bronx","9",1384,39069,385
2021-09-30,"Bronx","10",348,39069,385
2021-09-30,"Bronx","11",575,39069,385
2021-09-30,"Bronx","12",1284,39069,385
2021-09-30,"Bronx","Unknown CD",2788,39069,385
2021-09-30,"Brooklyn","1",326,39069,385
2021-09-30,"Brooklyn","2",288,39069,385
2021-09-30,"Brooklyn","3",1201,39069,385
2021-09-30,"Brooklyn","4",496,39069,385
2021-09-30,"Brooklyn","5",1619,39069,385
2021-09-30,"Brooklyn","6",245,39069,385
2021-09-30,"Brooklyn","7",164,39069,385
2021-09-30,"Brooklyn","8",602,39069,385
2021-09-30,"Brooklyn","9",466,39069,385
2021-09-30,"Brooklyn","10",80,39069,385
2021-09-30,"Brooklyn","11",166,39069,385
2021-09-30,"Brooklyn","12",123,39069,385
2021-09-30,"Brooklyn","13",385,39069,385
2021-09-30,"Brooklyn","14",399,39069,385
2021-09-30,"Brooklyn","15",129,39069,385
2021-09-30,"Brooklyn","16",1169,39069,385
2021-09-30,"Brooklyn","17",921,39069,385
2021-09-30,"Brooklyn","18",585,39069,385
2021-09-30,"Brooklyn","Unknown CD",2023,39069,385
2021-09-30,"Manhattan","1",607,39069,385
2021-09-30,"Manhattan","2",22,39069,385
2021-09-30,"Manhattan","3",508,39069,385
2021-09-30,"Manhattan","4",233,39069,385
2021-09-30,"Manhattan","5",138,39069,385
2021-09-30,"Manhattan","6",126,39069,385
2021-09-30,"Manhattan","7",278,39069,385
2021-09-30,"Manhattan","8",79,39069,385
2021-09-30,"Manhattan","9",438,39069,385
2021-09-30,"Manhattan","10",935,39069,385
2021-09-30,"Manhattan","11",1139,39069,385
2021-09-30,"Manhattan","12",562,39069,385
2021-09-30,"Manhattan","Unknown CD",3151,39069,385
2021-09-30,"Queens","1",589,39069,385
2021-09-30,"Queens","2",256,39069,385
2021-09-30,"Queens","3",218,39069,385
2021-09-30,"Queens","4",161,39069,385
2021-09-30,"Queens","5",189,39069,385
2021-09-30,"Queens","6",59,39069,385
2021-09-30,"Queens","7",192,39069,385
2021-09-30,"Queens","8",197,39069,385
2021-09-30,"Queens","9",261,39069,385
2021-09-30,"Queens","10",204,39069,385
2021-09-30,"Queens","11",20,39069,385
2021-09-30,"Queens","12",1260,39069,385
2021-09-30,"Queens","13",451,39069,385
2021-09-30,"Queens","14",742,39069,385
2021-09-30,"Queens","Unknown CD",1354,39069,385
2021-09-30,"Staten Island","1",545,39069,385
2021-09-30,"Staten Island","2",53,39069,385
2021-09-30,"Staten Island","3",37,39069,385
2021-09-30,"Staten Island","Unknown CD",129,39069,385
2021-10-31,"Bronx","1",1614,25240,295
2021-10-31,"Bronx","2",814,25240,295
2021-10-31,"Bronx","3",1449,25240,295
2021-10-31,"Bronx","4",1506,25240,295
2021-10-31,"Bronx","5",1395,25240,295
2021-10-31,"Bronx","6",1200,25240,295
2021-10-31,"Bronx","7",981,25240,295
2021-10-31,"Bronx","8",235,25240,295
2021-10-31,"Bronx","9",1383,25240,295
2021-10-31,"Bronx","10",347,25240,295
2021-10-31,"Bronx","11",558,25240,295
2021-10-31,"Bronx","12",1293,25240,295
2021-10-31,"Bronx","Unknown CD",2888,25240,295
2021-10-31,"Brooklyn","1",375,25240,295
2021-10-31,"Brooklyn","2",294,25240,295
2021-10-31,"Brooklyn","3",1199,25240,295
2021-10-31,"Brooklyn","4",476,25240,295
2021-10-31,"Brooklyn","5",1636,25240,295
2021-10-31,"Brooklyn","6",260,25240,295
2021-10-31,"Brooklyn","7",161,25240,295
2021-10-31,"Brooklyn","8",616,25240,295
2021-10-31,"Brooklyn","9",474,25240,295
2021-10-31,"Brooklyn","10",82,25240,295
2021-10-31,"Brooklyn","11",157,25240,295
2021-10-31,"Brooklyn","12",131,25240,295
2021-10-31,"Brooklyn","13",375,25240,295
2021-10-31,"Brooklyn","14",395,25240,295
2021-10-31,"Brooklyn","15",133,25240,295
2021-10-31,"Brooklyn","16",1150,25240,295
2021-10-31,"Brooklyn","17",909,25240,295
2021-10-31,"Brooklyn","18",623,25240,295
2021-10-31,"Brooklyn","Unknown CD",2018,25240,295
2021-10-31,"Manhattan","1",611,25240,295
2021-10-31,"Manhattan","2",23,25240,295
2021-10-31,"Manhattan","3",501,25240,295
2021-10-31,"Manhattan","4",256,25240,295
2021-10-31,"Manhattan","5",147,25240,295
2021-10-31,"Manhattan","6",128,25240,295
2021-10-31,"Manhattan","7",298,25240,295
2021-10-31,"Manhattan","8",80,25240,295
2021-10-31,"Manhattan","9",448,25240,295
2021-10-31,"Manhattan","10",985,25240,295
2021-10-31,"Manhattan","11",1115,25240,295
2021-10-31,"Manhattan","12",561,25240,295
2021-10-31,"Manhattan","Unknown CD",3182,25240,295
2021-10-31,"Queens","1",573,25240,295
2021-10-31,"Queens","2",254,25240,295
2021-10-31,"Queens","3",239,25240,295
2021-10-31,"Queens","4",165,25240,295
2021-10-31,"Queens","5",195,25240,295
2021-10-31,"Queens","6",57,25240,295
2021-10-31,"Queens","7",194,25240,295
2021-10-31,"Queens","8",203,25240,295
2021-10-31,"Queens","9",240,25240,295
2021-10-31,"Queens","10",192,25240,295
2021-10-31,"Queens","11",24,25240,295
2021-10-31,"Queens","12",1245,25240,295
2021-10-31,"Queens","13",467,25240,295
2021-10-31,"Queens","14",707,25240,295
2021-10-31,"Queens","Unknown CD",1343,25240,295
2021-10-31,"Staten Island","1",528,25240,295
2021-10-31,"Staten Island","2",61,25240,295
2021-10-31,"Staten Island","3",33,25240,295
2021-10-31,"Staten Island","Unknown CD",117,25240,295
2021-11-30,"Bronx","1",1562,31973,240
2021-11-30,"Bronx","2",782,31973,240
2021-11-30,"Bronx","3",1444,31973,240
2021-11-30,"Bronx","4",1580,31973,240
2021-11-30,"Bronx","5",1361,31973,240
2021-11-30,"Bronx","6",1204,31973,240
2021-11-30,"Bronx","7",979,31973,240
2021-11-30,"Bronx","8",247,31973,240
2021-11-30,"Bronx","9",1388,31973,240
2021-11-30,"Bronx","10",362,31973,240
2021-11-30,"Bronx","11",567,31973,240
2021-11-30,"Bronx","12",1300,31973,240
2021-11-30,"Bronx","Unknown CD",2901,31973,240
2021-11-30,"Brooklyn","1",359,31973,240
2021-11-30,"Brooklyn","2",291,31973,240
2021-11-30,"Brooklyn","3",1254,31973,240
2021-11-30,"Brooklyn","4",511,31973,240
2021-11-30,"Brooklyn","5",1606,31973,240
2021-11-30,"Brooklyn","6",257,31973,240
2021-11-30,"Brooklyn","7",161,31973,240
2021-11-30,"Brooklyn","8",617,31973,240
2021-11-30,"Brooklyn","9",492,31973,240
2021-11-30,"Brooklyn","10",85,31973,240
2021-11-30,"Brooklyn","11",151,31973,240
2021-11-30,"Brooklyn","12",104,31973,240
2021-11-30,"Brooklyn","13",389,31973,240
2021-11-30,"Brooklyn","14",370,31973,240
2021-11-30,"Brooklyn","15",118,31973,240
2021-11-30,"Brooklyn","16",1122,31973,240
2021-11-30,"Brooklyn","17",914,31973,240
2021-11-30,"Brooklyn","18",640,31973,240
2021-11-30,"Brooklyn","Unknown CD",2082,31973,240
2021-11-30,"Manhattan","1",585,31973,240
2021-11-30,"Manhattan","2",23,31973,240
2021-11-30,"Manhattan","3",495,31973,240
2021-11-30,"Manhattan","4",252,31973,240
2021-11-30,"Manhattan","5",136,31973,240
2021-11-30,"Manhattan","6",124,31973,240
2021-11-30,"Manhattan","7",313,31973,240
2021-11-30,"Manhattan","8",82,31973,240
2021-11-30,"Manhattan","9",433,31973,240
2021-11-30,"Manhattan","10",986,31973,240
2021-11-30,"Manhattan","11",1114,31973,240
2021-11-30,"Manhattan","12",554,31973,240
2021-11-30,"Manhattan","Unknown CD",3258,31973,240
2021-11-30,"Queens","1",572,31973,240
2021-11-30,"Queens","2",243,31973,240
2021-11-30,"Queens","3",229,31973,240
2021-11-30,"Queens","4",169,31973,240
2021-11-30,"Queens","5",193,31973,240
2021-11-30,"Queens","6",60,31973,240
2021-11-30,"Queens","7",189,31973,240
2021-11-30,"Queens","8",182,31973,240
2021-11-30,"Queens","9",234,31973,240
2021-11-30,"Queens","10",193,31973,240
2021-11-30,"Queens","11",18,31973,240
2021-11-30,"Queens","12",1239,31973,240
2021-11-30,"Queens","13",438,31973,240
2021-11-30,"Queens","14",676,31973,240
2021-11-30,"Queens","Unknown CD",1315,31973,240
2021-11-30,"Staten Island","1",521,31973,240
2021-11-30,"Staten Island","2",64,31973,240
2021-11-30,"Staten Island","3",38,31973,240
2021-11-30,"Staten Island","Unknown CD",109,31973,240
2021-12-31,"Bronx","1",1498,503643,665
2021-12-31,"Bronx","2",779,503643,665
2021-12-31,"Bronx","3",1431,503643,665
2021-12-31,"Bronx","4",1582,503643,665
2021-12-31,"Bronx","5",1301,503643,665
2021-12-31,"Bronx","6",1216,503643,665
2021-12-31,"Bronx","7",922,503643,665
2021-12-31,"Bronx","8",253,503643,665
2021-12-31,"Bronx","9",1340,503643,665
2021-12-31,"Bronx","10",345,503643,665
2021-12-31,"Bronx","11",548,503643,665
2021-12-31,"Bronx","12",1254,503643,665
2021-12-31,"Bronx","Unknown CD",2910,503643,665
2021-12-31,"Brooklyn","1",368,503643,665
2021-12-31,"Brooklyn","2",281,503643,665
2021-12-31,"Brooklyn","3",1195,503643,665
2021-12-31,"Brooklyn","4",476,503643,665
2021-12-31,"Brooklyn","5",1567,503643,665
2021-12-31,"Brooklyn","6",256,503643,665
2021-12-31,"Brooklyn","7",162,503643,665
2021-12-31,"Brooklyn","8",607,503643,665
2021-12-31,"Brooklyn","9",454,503643,665
2021-12-31,"Brooklyn","10",79,503643,665
2021-12-31,"Brooklyn","11",141,503643,665
2021-12-31,"Brooklyn","12",97,503643,665
2021-12-31,"Brooklyn","13",393,503643,665
2021-12-31,"Brooklyn","14",353,503643,665
2021-12-31,"Brooklyn","15",120,503643,665
2021-12-31,"Brooklyn","16",1081,503643,665
2021-12-31,"Brooklyn","17",920,503643,665
2021-12-31,"Brooklyn","18",589,503643,665
2021-12-31,"Brooklyn","Unknown CD",2050,503643,665
2021-12-31,"Manhattan","1",592,503643,665
2021-12-31,"Manhattan","2",25,503643,665
2021-12-31,"Manhattan","3",469,503643,665
2021-12-31,"Manhattan","4",269,503643,665
2021-12-31,"Manhattan","5",157,503643,665
2021-12-31,"Manhattan","6",106,503643,665
2021-12-31,"Manhattan","7",300,503643,665
2021-12-31,"Manhattan","8",87,503643,665
2021-12-31,"Manhattan","9",419,503643,665
2021-12-31,"Manhattan","10",939,503643,665
2021-12-31,"Manhattan","11",1075,503643,665
2021-12-31,"Manhattan","12",551,503643,665
2021-12-31,"Manhattan","Unknown CD",3208,503643,665
2021-12-31,"Queens","1",556,503643,665
2021-12-31,"Queens","2",249,503643,665
2021-12-31,"Queens","3",229,503643,665
2021-12-31,"Queens","4",155,503643,665
2021-12-31,"Queens","5",185,503643,665
2021-12-31,"Queens","6",59,503643,665
2021-12-31,"Queens","7",164,503643,665
2021-12-31,"Queens","8",173,503643,665
2021-12-31,"Queens","9",245,503643,665
2021-12-31,"Queens","10",185,503643,665
2021-12-31,"Queens","11",17,503643,665
2021-12-31,"Queens","12",1160,503643,665
2021-12-31,"Queens","13",434,503643,665
2021-12-31,"Queens","14",663,503643,665
2021-12-31,"Queens","Unknown CD",1346,503643,665
2021-12-31,"Staten Island","1",502,503643,665
2021-12-31,"Staten Island","2",62,503643,665
2021-12-31,"Staten Island","3",42,503643,665
2021-12-31,"Staten Island","Unknown CD",108,503643,665
